m,method,Method,Subgroup,n_per_repeat,rmse_mean,rmse_sd,RMSE,picp_mean,picp_sd,PICP,mpiw_mean,mpiw_sd,MPIW,ece_mean,ece_sd,ECE,nll_mean,nll_sd,NLL,mae_mean,mae_sd,MAE
1,deterministic,Deterministic,abdomen/liver,13,0.7713786214377336,0.0010245155807740542,0.7714 +/- 0.0010,1.0,0.0,1.0000 +/- 0.0000,6.376651796201865,0.017868223307650272,6.3767 +/- 0.0179,0.22418814102564108,0.00555144489605409,0.2242 +/- 0.0056,1.5179349655414394,0.00247201699471156,1.5179 +/- 0.0025,0.5607203477277206,0.0006872402193106675,0.5607 +/- 0.0007
1,deterministic,Deterministic,chest/lung,17,1.1353313480872271,0.0009640701407576798,1.1353 +/- 0.0010,1.0,0.0,1.0000 +/- 0.0000,6.376651796201865,0.017868223307650272,6.3767 +/- 0.0179,0.10767230392156864,0.0042452225675707785,0.1077 +/- 0.0042,1.6490570195831282,0.0018509719370586697,1.6491 +/- 0.0019,0.9599229169680793,0.0005255366382963955,0.9599 +/- 0.0005
1,deterministic,Deterministic,other,8,0.8532552063975585,0.00038396560820780346,0.8533 +/- 0.0004,1.0,0.0,1.0000 +/- 0.0000,6.376651796201865,0.017868223307650272,6.3767 +/- 0.0179,0.19253750000000003,0.0,0.1925 +/- 0.0000,1.5430695761872288,0.0021555775061694597,1.5431 +/- 0.0022,0.7322396589443088,0.0022335307127596855,0.7322 +/- 0.0022
1,mc_dropout,MC Dropout,abdomen/liver,13,0.76938297416695,0.0009758160309833021,0.7694 +/- 0.0010,1.0,0.0,1.0000 +/- 0.0000,6.760549045350288,0.6291359277654397,6.7605 +/- 0.6291,0.22739326923076927,0.009615384615384623,0.2274 +/- 0.0096,1.562622498790539,0.07924487771053451,1.5626 +/- 0.0792,0.558859812056598,0.0005949882120247109,0.5589 +/- 0.0006
1,mc_dropout,MC Dropout,chest/lung,17,1.133391845817683,0.0011634876464962601,1.1334 +/- 0.0012,1.0,0.0,1.0000 +/- 0.0000,6.671690247173544,0.39396384174060556,6.6717 +/- 0.3940,0.11257426470588235,0.025471335405424664,0.1126 +/- 0.0255,1.6920721865642363,0.03231182402212924,1.6921 +/- 0.0323,0.9614809962676144,0.0005392801852366606,0.9615 +/- 0.0005
1,mc_dropout,MC Dropout,other,8,0.8530909928409898,0.0005456014855609582,0.8531 +/- 0.0005,1.0,0.0,1.0000 +/- 0.0000,7.2222060135884405,0.27328213822767244,7.2222 +/- 0.2733,0.18732916666666669,0.009021097956087902,0.1873 +/- 0.0090,1.6412062642280907,0.042439485640808385,1.6412 +/- 0.0424,0.7382813713156308,0.0022775957128297795,0.7383 +/- 0.0023
1,deep_ensemble,Deep Ensemble,abdomen/liver,13,0.7695175855374013,0.0031350426045370513,0.7695 +/- 0.0031,1.0,0.0,1.0000 +/- 0.0000,6.33320644251715,0.06274488520183732,6.3332 +/- 0.0627,0.22098301282051283,0.00555144489605409,0.2210 +/- 0.0056,1.512077445361447,0.008566261649863958,1.5121 +/- 0.0086,0.5590493724944117,0.002413265544711304,0.5590 +/- 0.0024
1,deep_ensemble,Deep Ensemble,chest/lung,17,1.133415200019513,0.003070404659305492,1.1334 +/- 0.0031,1.0,0.0,1.0000 +/- 0.0000,6.33320644251715,0.06274488520183699,6.3332 +/- 0.0627,0.1038075980392157,0.008435476828223322,0.1038 +/- 0.0084,1.644740042153299,0.006362822900378375,1.6447 +/- 0.0064,0.9612007215582565,0.0018454383577205073,0.9612 +/- 0.0018
1,deep_ensemble,Deep Ensemble,other,8,0.8528960256597825,0.0009358720309473876,0.8529 +/- 0.0009,1.0,0.0,1.0000 +/- 0.0000,6.33320644251715,0.06274488520183699,6.3332 +/- 0.0627,0.18732916666666669,0.009021097956087902,0.1873 +/- 0.0090,1.5380011152974753,0.007440479465041466,1.5380 +/- 0.0074,0.7376703284525622,0.00784311302031188,0.7377 +/- 0.0078
1,bayesian_laplace,Residual Gaussian,abdomen/liver,13,0.7693300938520924,0.0023586205806555164,0.7693 +/- 0.0024,1.0,0.0,1.0000 +/- 0.0000,6.329153844465812,0.0619609534158141,6.3292 +/- 0.0620,0.22098301282051283,0.00555144489605409,0.2210 +/- 0.0056,1.5115300817119028,0.008277409217178237,1.5115 +/- 0.0083,0.5588935030958592,0.002383114168280475,0.5589 +/- 0.0024
1,bayesian_laplace,Residual Gaussian,chest/lung,17,1.1332266445371124,0.0025318348781152925,1.1332 +/- 0.0025,1.0,0.0,1.0000 +/- 0.0000,6.329153844465812,0.0619609534158141,6.3292 +/- 0.0620,0.10206348039215689,0.005469544756058195,0.1021 +/- 0.0055,1.6443359317456359,0.006065528912784558,1.6443 +/- 0.0061,0.9613199158042085,0.0018223814228027198,0.9613 +/- 0.0018
1,bayesian_laplace,Residual Gaussian,other,8,0.8528485417170102,0.00026609382684165755,0.8528 +/- 0.0003,1.0,0.0,1.0000 +/- 0.0000,6.329153844465812,0.0619609534158141,6.3292 +/- 0.0620,0.18732916666666669,0.009021097956087902,0.1873 +/- 0.0090,1.537527089157875,0.007142494611102187,1.5375 +/- 0.0071,0.7381769039978584,0.0077451210469115656,0.7382 +/- 0.0077
2,deterministic,Deterministic,abdomen/liver,13,0.7777432351869349,0.005500717919047762,0.7777 +/- 0.0055,1.0,0.0,1.0000 +/- 0.0000,3.294139345486959,0.10342822307717577,3.2941 +/- 0.1034,0.05452532051282053,0.009772534331904094,0.0545 +/- 0.0098,1.1739701514035383,0.0053995284869949025,1.1740 +/- 0.0054,0.5959776983811306,0.009771894061299307,0.5960 +/- 0.0098
2,deterministic,Deterministic,chest/lung,17,0.8127918595415622,0.007729515404300146,0.8128 +/- 0.0077,0.9607843137254902,0.033961780540566235,0.9608 +/- 0.0340,3.294139345486959,0.10342822307717577,3.2941 +/- 0.1034,0.04447524509803924,0.002253364138866581,0.0445 +/- 0.0023,1.2135328509452012,0.007471747746012857,1.2135 +/- 0.0075,0.6435624074336944,0.0070941713374808,0.6436 +/- 0.0071
2,deterministic,Deterministic,other,8,0.6191346578885725,0.009095632412536895,0.6191 +/- 0.0091,1.0,0.0,1.0000 +/- 0.0000,3.294139345486959,0.10342822307717577,3.2941 +/- 0.1034,0.10696250000000003,0.023083164860997728,0.1070 +/- 0.0231,1.0167326220975246,0.014684114666163645,1.0167 +/- 0.0147,0.5553246461010227,0.0024086495926290263,0.5553 +/- 0.0024
2,mc_dropout,MC Dropout,abdomen/liver,13,0.7749904127753577,0.0022402331168735697,0.7750 +/- 0.0022,0.9743589743589745,0.04441155916843272,0.9744 +/- 0.0444,3.8923018858133225,0.499917448608698,3.8923 +/- 0.4999,0.09502147435897439,0.038054739717808324,0.0950 +/- 0.0381,1.1927335482793706,0.03077338757823659,1.1927 +/- 0.0308,0.5957820917489246,0.005408341120847057,0.5958 +/- 0.0054
2,mc_dropout,MC Dropout,chest/lung,17,0.8030206686622234,0.00801986186252433,0.8030 +/- 0.0080,0.9803921568627452,0.03396178054056623,0.9804 +/- 0.0340,4.118654275136607,0.32883259744655574,4.1187 +/- 0.3288,0.07893014705882352,0.012147075559025639,0.0789 +/- 0.0121,1.3050405162246856,0.011889861184264099,1.3050 +/- 0.0119,0.6380859490809049,0.00800516099801655,0.6381 +/- 0.0080
2,mc_dropout,MC Dropout,other,8,0.6175692208936461,0.008342584711309858,0.6176 +/- 0.0083,1.0,0.0,1.0000 +/- 0.0000,3.5044517740910144,0.5559464362216904,3.5045 +/- 0.5559,0.1108541666666667,0.03169400902904733,0.1109 +/- 0.0317,1.05284722482108,0.06888872722408362,1.0528 +/- 0.0689,0.5577737282154461,0.00490859806600993,0.5578 +/- 0.0049
2,deep_ensemble,Deep Ensemble,abdomen/liver,13,0.7759919160076926,0.008229884777539961,0.7760 +/- 0.0082,0.9743589743589745,0.04441155916843272,0.9744 +/- 0.0444,3.20125725225288,0.01983376351183794,3.2013 +/- 0.0198,0.04725801282051282,0.00654505700534044,0.0473 +/- 0.0065,1.1537913367019075,0.011406499313060765,1.1538 +/- 0.0114,0.5849549366543308,0.0030573228784663968,0.5850 +/- 0.0031
2,deep_ensemble,Deep Ensemble,chest/lung,17,0.7825809298449098,0.000552406622696896,0.7826 +/- 0.0006,0.9411764705882352,1.3597399555105182e-16,0.9412 +/- 0.0000,3.332305043787007,0.01721200267190849,3.3323 +/- 0.0172,0.06593995098039217,0.0012243221884874161,0.0659 +/- 0.0012,1.227771569195922,0.0034908548905600596,1.2278 +/- 0.0035,0.5934529818010096,0.008005066907210966,0.5935 +/- 0.0080
2,deep_ensemble,Deep Ensemble,other,8,0.6122560824790028,0.005930505155444266,0.6123 +/- 0.0059,1.0,0.0,1.0000 +/- 0.0000,3.1298134245349547,0.019145807149504854,3.1298 +/- 0.0191,0.09282083333333335,0.009021097956087904,0.0928 +/- 0.0090,0.9900783724064354,0.004047856979540381,0.9901 +/- 0.0040,0.5518217187840492,0.004773946441668403,0.5518 +/- 0.0048
2,bayesian_laplace,Residual Gaussian,abdomen/liver,13,0.7765153246969322,0.005904255307813522,0.7765 +/- 0.0059,1.0,0.0,1.0000 +/- 0.0000,3.243904789288839,0.05380239654582209,3.2439 +/- 0.0538,0.05825673076923077,0.011485614233445534,0.0583 +/- 0.0115,1.170191376496258,0.004856337760283558,1.1702 +/- 0.0049,0.5899928134794418,0.005055057842037964,0.5900 +/- 0.0051
2,bayesian_laplace,Residual Gaussian,chest/lung,17,0.8136350701473875,0.00645935079701367,0.8136 +/- 0.0065,0.9411764705882352,1.3597399555105182e-16,0.9412 +/- 0.0000,3.243904789288839,0.05380239654582209,3.2439 +/- 0.0538,0.045670833333333355,0.011172233749311294,0.0457 +/- 0.0112,1.2131765992658918,0.007728740525476044,1.2132 +/- 0.0077,0.6434941534318176,0.011053858166056047,0.6435 +/- 0.0111
2,bayesian_laplace,Residual Gaussian,other,8,0.6264861889353238,0.012093858822875683,0.6265 +/- 0.0121,1.0,0.0,1.0000 +/- 0.0000,3.243904789288839,0.05380239654582209,3.2439 +/- 0.0538,0.09637916666666668,0.009813903827393734,0.0964 +/- 0.0098,1.0163385620470484,0.013019148321913943,1.0163 +/- 0.0130,0.5568496074217061,0.004905896506674184,0.5568 +/- 0.0049
3,deterministic,Deterministic,abdomen/liver,13,0.540078354998642,0.004905478556656853,0.5401 +/- 0.0049,1.0,0.0,1.0000 +/- 0.0000,3.0583579502999783,0.018759761347072725,3.0584 +/- 0.0188,0.13444455128205132,0.014687742612037933,0.1344 +/- 0.0147,0.9103284847832325,0.006719641138679252,0.9103 +/- 0.0067,0.39412865854608703,0.0040154120139574805,0.3941 +/- 0.0040
3,deterministic,Deterministic,chest/lung,17,0.594568723104058,0.023524190613401195,0.5946 +/- 0.0235,1.0,0.0,1.0000 +/- 0.0000,3.0583579502999783,0.018759761347072725,3.0584 +/- 0.0188,0.08980857843137256,0.020657610077029223,0.0898 +/- 0.0207,0.9614167807889794,0.023177436834764528,0.9614 +/- 0.0232,0.48421812221846156,0.027504630385781288,0.4842 +/- 0.0275
3,deterministic,Deterministic,other,8,0.342895462299434,0.005803391644004425,0.3429 +/- 0.0058,1.0,0.0,1.0000 +/- 0.0000,3.0583579502999783,0.018759761347072725,3.0584 +/- 0.0188,0.2037791666666667,0.0075921560398435756,0.2038 +/- 0.0076,0.7673601336303678,0.0017529759556148457,0.7674 +/- 0.0018,0.298179201160868,0.014044967569512417,0.2982 +/- 0.0140
3,mc_dropout,MC Dropout,abdomen/liver,13,0.5405445713649045,0.011250127124753186,0.5405 +/- 0.0113,1.0,0.0,1.0000 +/- 0.0000,4.708102959294057,0.16121859435383779,4.7081 +/- 0.1612,0.23700865384615386,0.009615384615384609,0.2370 +/- 0.0096,1.1223762064492364,0.042813520984843347,1.1224 +/- 0.0428,0.4001381264173259,0.005281389943994722,0.4001 +/- 0.0053
3,mc_dropout,MC Dropout,chest/lung,17,0.5935434229162498,0.0031094999929812293,0.5935 +/- 0.0031,1.0,0.0,1.0000 +/- 0.0000,4.859535242460484,0.3562066756731035,4.8595 +/- 0.3562,0.18365269607843138,0.025822680766795933,0.1837 +/- 0.0258,1.2234498707398345,0.04391200546253625,1.2234 +/- 0.0439,0.4799631916189238,0.003809259874480286,0.4800 +/- 0.0038
3,mc_dropout,MC Dropout,other,8,0.3523468946208619,0.025477891287516402,0.3523 +/- 0.0255,1.0,0.0,1.0000 +/- 0.0000,4.74881790648952,0.2780850788050713,4.7488 +/- 0.2781,0.25503750000000003,0.027063293868263706,0.2550 +/- 0.0271,1.1365823134732493,0.05415217428449777,1.1366 +/- 0.0542,0.3038316150762451,0.010243038994809021,0.3038 +/- 0.0102
3,deep_ensemble,Deep Ensemble,abdomen/liver,13,0.5576838582137921,0.007149504648707665,0.5577 +/- 0.0071,1.0,0.0,1.0000 +/- 0.0000,3.32856820071737,0.03219173342295618,3.3286 +/- 0.0322,0.1312394230769231,0.019230769230769218,0.1312 +/- 0.0192,0.9751539388558691,0.017044565172760765,0.9752 +/- 0.0170,0.4203167517120257,0.013983560079551541,0.4203 +/- 0.0140
3,deep_ensemble,Deep Ensemble,chest/lung,17,0.5853487631679287,0.0014845614012327043,0.5853 +/- 0.0015,1.0,0.0,1.0000 +/- 0.0000,3.360435077338814,0.022281127466832355,3.3604 +/- 0.0223,0.11502524509803924,0.004245222567570783,0.1150 +/- 0.0042,1.0028505444231295,0.004726721199715928,1.0029 +/- 0.0047,0.4631850896220581,0.004065602119262488,0.4632 +/- 0.0041
3,deep_ensemble,Deep Ensemble,other,8,0.3630956510903858,0.007274791328658125,0.3631 +/- 0.0073,1.0,0.0,1.0000 +/- 0.0000,3.295127557534727,0.0459935329477466,3.2951 +/- 0.0460,0.21857916666666669,0.009021097956087902,0.2186 +/- 0.0090,0.8435458819387671,0.015782298585230215,0.8435 +/- 0.0158,0.30231941694704195,0.004306673004763315,0.3023 +/- 0.0043
3,bayesian_laplace,Residual Gaussian,abdomen/liver,13,0.5413317288324417,0.00486517376342704,0.5413 +/- 0.0049,1.0,0.0,1.0000 +/- 0.0000,3.090863134711981,0.16920217326829481,3.0909 +/- 0.1692,0.1312394230769231,1.962615573354719e-17,0.1312 +/- 0.0000,0.9170918463504996,0.03303288561218129,0.9171 +/- 0.0330,0.41042084972827864,0.026749250463475274,0.4104 +/- 0.0267
3,bayesian_laplace,Residual Gaussian,chest/lung,17,0.6034556699203456,0.02252877562355867,0.6035 +/- 0.0225,1.0,0.0,1.0000 +/- 0.0000,3.090863134711981,0.16920217326829481,3.0909 +/- 0.1692,0.08245563725490197,0.02610503808202795,0.0825 +/- 0.0261,0.9766720396498854,0.0027884512709096102,0.9767 +/- 0.0028,0.48685164457442714,0.028343969267166935,0.4869 +/- 0.0283
3,bayesian_laplace,Residual Gaussian,other,8,0.3725194348183211,0.026145023451793745,0.3725 +/- 0.0261,1.0,0.0,1.0000 +/- 0.0000,3.090863134711981,0.16920217326829481,3.0909 +/- 0.1692,0.1881541666666667,0.009813903827393732,0.1882 +/- 0.0098,0.7918616636566845,0.057015634034301425,0.7919 +/- 0.0570,0.3201535754681875,0.008217427731199784,0.3202 +/- 0.0082
4,deterministic,Deterministic,abdomen/liver,13,0.3113397977975953,0.040141656661671785,0.3113 +/- 0.0401,1.0,0.0,1.0000 +/- 0.0000,2.8381161093711853,0.1671296514410931,2.8381 +/- 0.1671,0.20816250000000003,0.03466876226407681,0.2082 +/- 0.0347,0.6907074695180979,0.025719378863172465,0.6907 +/- 0.0257,0.2718107322804057,0.031920659172508636,0.2718 +/- 0.0319
4,deterministic,Deterministic,chest/lung,17,0.45277767671302277,0.006269089145078115,0.4528 +/- 0.0063,1.0,0.0,1.0000 +/- 0.0000,2.8381161093711853,0.1671296514410931,2.8381 +/- 0.1671,0.13147524509803923,0.021863998535246267,0.1315 +/- 0.0219,0.7921442752604738,0.030907887974460344,0.7921 +/- 0.0309,0.3809327060247169,0.02363947109583654,0.3809 +/- 0.0236
4,deterministic,Deterministic,other,8,0.5666647961139356,0.020718992661640914,0.5667 +/- 0.0207,1.0,0.0,1.0000 +/- 0.0000,2.8381161093711853,0.1671296514410931,2.8381 +/- 0.1671,0.1016791666666667,0.02577171818744986,0.1017 +/- 0.0258,0.9049045112909536,0.014872551488228903,0.9049 +/- 0.0149,0.4488213441024224,0.04335143558746164,0.4488 +/- 0.0434
4,mc_dropout,MC Dropout,abdomen/liver,13,0.27502440883429674,0.0039403562924655525,0.2750 +/- 0.0039,1.0,0.0,1.0000 +/- 0.0000,3.0989762388633975,0.030870943989188448,3.0990 +/- 0.0309,0.21777788461538464,0.009615384615384609,0.2178 +/- 0.0096,0.7119458688949103,0.014656592356205696,0.7119 +/- 0.0147,0.24758178831890035,0.0026146502545874866,0.2476 +/- 0.0026
4,mc_dropout,MC Dropout,chest/lung,17,0.4495664320075657,0.0054531506473286025,0.4496 +/- 0.0055,1.0,0.0,1.0000 +/- 0.0000,3.2153175195599144,0.18042575637818967,3.2153 +/- 0.1804,0.137084068627451,0.00849044513514155,0.1371 +/- 0.0085,0.8581602768211217,0.02485318924736962,0.8582 +/- 0.0249,0.37109763752997793,0.00537806609319079,0.3711 +/- 0.0054
4,mc_dropout,MC Dropout,other,8,0.553891855271505,0.004749347025497317,0.5539 +/- 0.0047,1.0,0.0,1.0000 +/- 0.0000,2.8218291809824865,0.04652083146579167,2.8218 +/- 0.0465,0.09188750000000001,0.013598460390794254,0.0919 +/- 0.0136,0.929958206369335,0.020595018261039898,0.9300 +/- 0.0206,0.4177926753595238,0.004887231714659602,0.4178 +/- 0.0049
4,deep_ensemble,Deep Ensemble,abdomen/liver,13,0.2903711936007285,0.008237734548463204,0.2904 +/- 0.0082,1.0,0.0,1.0000 +/- 0.0000,2.7933661196217603,0.050463220620634276,2.7934 +/- 0.0505,0.21777788461538464,0.0,0.2178 +/- 0.0000,0.6601829410203183,0.010066820970527782,0.6602 +/- 0.0101,0.25914747450405207,0.005972040550223339,0.2591 +/- 0.0060
4,deep_ensemble,Deep Ensemble,chest/lung,17,0.44579244674061796,0.005679638701041161,0.4458 +/- 0.0057,1.0,0.0,1.0000 +/- 0.0000,2.862140360114033,0.05906118907240167,2.8621 +/- 0.0591,0.13953504901960787,0.004245222567570795,0.1395 +/- 0.0042,0.8006034867916078,0.016630620844860944,0.8006 +/- 0.0166,0.3725618405523254,0.004564365357887933,0.3726 +/- 0.0046
4,deep_ensemble,Deep Ensemble,other,8,0.5555773572940447,0.008560824158305644,0.5556 +/- 0.0086,1.0,0.0,1.0000 +/- 0.0000,2.7596846900223952,0.05004566245997479,2.7597 +/- 0.0500,0.09357916666666667,0.009021097956087902,0.0936 +/- 0.0090,0.8684064527769214,0.015694351802319526,0.8684 +/- 0.0157,0.42447706797781093,0.0006463830543384573,0.4245 +/- 0.0006
4,bayesian_laplace,Residual Gaussian,abdomen/liver,13,0.2840963614403956,0.028689394549069942,0.2841 +/- 0.0287,1.0,0.0,1.0000 +/- 0.0000,2.932287573814392,0.17007779329110684,2.9323 +/- 0.1701,0.22418814102564108,0.030909137054464582,0.2242 +/- 0.0309,0.7018227920996285,0.03433479897083366,0.7018 +/- 0.0343,0.2526955049580488,0.023130777477864677,0.2527 +/- 0.0231
4,bayesian_laplace,Residual Gaussian,chest/lung,17,0.43979049567745515,0.007325866500768336,0.4398 +/- 0.0073,1.0,0.0,1.0000 +/- 0.0000,2.932287573814392,0.17007779329110684,2.9323 +/- 0.1701,0.15353406862745098,0.0227268038962863,0.1535 +/- 0.0227,0.8011148717917086,0.04385419407545015,0.8011 +/- 0.0439,0.35897483819109555,0.009492688307952317,0.3590 +/- 0.0095
4,bayesian_laplace,Residual Gaussian,other,8,0.570139896562353,0.006652166068947096,0.5701 +/- 0.0067,1.0,0.0,1.0000 +/- 0.0000,2.932287573814392,0.17007779329110684,2.9323 +/- 0.1701,0.1132541666666667,0.029069586053697666,0.1133 +/- 0.0291,0.919862364936585,0.026352221733929294,0.9199 +/- 0.0264,0.4310686147461335,0.021339662993237574,0.4311 +/- 0.0213
