m,method,calibration_type,alpha,nominal_coverage,n_val,n_calibration_patients,n_test,finite_sample_quantile_level,finite_sample_quantile_rank,n_repeats,q_score_mean,q_score_ci95_half,Q_SCORE,raw_picp_mean,raw_picp_ci95_half,RAW_PICP,raw_mpiw_mean,raw_mpiw_ci95_half,RAW_MPIW,calibrated_picp_mean,calibrated_picp_ci95_half,CALIBRATED_PICP,calibrated_mpiw_mean,calibrated_mpiw_ci95_half,CALIBRATED_MPIW,calibrated_ece_mean,calibrated_ece_ci95_half,CALIBRATED_ECE,calibrated_nll_mean,calibrated_nll_ci95_half,CALIBRATED_NLL,picp_wilson95_low_mean,picp_wilson95_low_ci95_half,PICP_WILSON95_LOW,picp_wilson95_high_mean,picp_wilson95_high_ci95_half,PICP_WILSON95_HIGH,picp_patient_cluster_bootstrap95_low_mean,picp_patient_cluster_bootstrap95_low_ci95_half,PICP_PATIENT_CLUSTER_BOOTSTRAP95_LOW,picp_patient_cluster_bootstrap95_high_mean,picp_patient_cluster_bootstrap95_high_ci95_half,PICP_PATIENT_CLUSTER_BOOTSTRAP95_HIGH
1,Deterministic,absolute_residual,0.1,0.9,27,19,38,0.9473684210526315,18,10,1.110190349817276,0.03584331750778144,1.1102 +/- 0.0358,,,N/A,,,N/A,0.9736842105263157,7.253457094217689e-17,0.9737 +/- 0.0000,2.220380699634552,0.07168663501556288,2.2204 +/- 0.0717,,,N/A,,,N/A,0.8650512388404789,7.253457094217689e-17,0.8651 +/- 0.0000,0.995339412314231,1.4506914188435379e-16,0.9953 +/- 0.0000,0.9067998533724341,0.0011379006097595758,0.9068 +/- 0.0011,1.0,0.0,1.0000 +/- 0.0000
1,Deterministic,absolute_residual,0.05,0.95,27,19,38,1.0,19,10,1.5303868800401685,0.05575556107808117,1.5304 +/- 0.0558,,,N/A,,,N/A,1.0,0.0,1.0000 +/- 0.0000,3.0607737600803375,0.11151112215616234,3.0608 +/- 0.1115,,,N/A,,,N/A,0.908190131774416,0.0,0.9082 +/- 0.0000,0.9999999999999998,7.253457094217689e-17,1.0000 +/- 0.0000,1.0,0.0,1.0000 +/- 0.0000,1.0,0.0,1.0000 +/- 0.0000
1,Cohort-level Feature GP,normalized_residual,0.1,0.9,27,19,38,0.9473684210526315,18,10,1.7856290749304378,1.3224818222265222e-07,1.7856 +/- 0.0000,0.9736842105263157,7.253457094217689e-17,0.9737 +/- 0.0000,2.4752545547587586,1.634040096282679e-07,2.4753 +/- 0.0000,0.9736842105263157,7.253457094217689e-17,0.9737 +/- 0.0000,2.2550855708036908,2.3889162693062238e-08,2.2551 +/- 0.0000,,,N/A,,,N/A,0.8650512388404789,7.253457094217689e-17,0.8651 +/- 0.0000,0.995339412314231,1.4506914188435379e-16,0.9953 +/- 0.0000,0.9074555773683681,0.0009590387845353866,0.9075 +/- 0.0010,1.0,0.0,1.0000 +/- 0.0000
1,Cohort-level Feature GP,normalized_residual,0.05,0.95,27,19,38,1.0,19,10,2.3693037547805305,1.4331264858893994e-07,2.3693 +/- 0.0000,0.9736842105263157,7.253457094217689e-17,0.9737 +/- 0.0000,2.4752545547587586,1.634040096282679e-07,2.4753 +/- 0.0000,1.0,0.0,1.0000 +/- 0.0000,2.9922131002849714,2.8016693852072317e-08,2.9922 +/- 0.0000,,,N/A,,,N/A,0.908190131774416,0.0,0.9082 +/- 0.0000,0.9999999999999998,7.253457094217689e-17,1.0000 +/- 0.0000,1.0,0.0,1.0000 +/- 0.0000,1.0,0.0,1.0000 +/- 0.0000
1,MC Dropout,normalized_residual,0.1,0.9,27,19,38,0.9473684210526315,18,10,1.8150449322221411,0.05856202905578803,1.8150 +/- 0.0586,0.9736842105263157,7.253457094217689e-17,0.9737 +/- 0.0000,2.461595934360171,0.020617718375568212,2.4616 +/- 0.0206,0.9736842105263157,7.253457094217689e-17,0.9737 +/- 0.0000,2.2793219287488844,0.07227783359582693,2.2793 +/- 0.0723,,,N/A,,,N/A,0.8650512388404789,7.253457094217689e-17,0.8651 +/- 0.0000,0.995339412314231,1.4506914188435379e-16,0.9953 +/- 0.0000,0.9080831830618081,0.0011343520891218864,0.9081 +/- 0.0011,1.0,0.0,1.0000 +/- 0.0000
1,MC Dropout,normalized_residual,0.05,0.95,27,19,38,1.0,19,10,2.5243871159100553,0.08392667946722752,2.5244 +/- 0.0839,0.9736842105263157,7.253457094217689e-17,0.9737 +/- 0.0000,2.461595934360171,0.020617718375568212,2.4616 +/- 0.0206,1.0,0.0,1.0000 +/- 0.0000,3.1701518896784484,0.10389225881369016,3.1702 +/- 0.1039,,,N/A,,,N/A,0.908190131774416,0.0,0.9082 +/- 0.0000,0.9999999999999998,7.253457094217689e-17,1.0000 +/- 0.0000,1.0,0.0,1.0000 +/- 0.0000,1.0,0.0,1.0000 +/- 0.0000
1,Deep Ensemble,normalized_residual,0.1,0.9,27,19,38,0.9473684210526315,18,10,1.8089775075054937,0.020397796753475105,1.8090 +/- 0.0204,0.9736842105263157,7.253457094217689e-17,0.9737 +/- 0.0000,2.4338068095462906,0.018466655205049365,2.4338 +/- 0.0185,0.9736842105263157,7.253457094217689e-17,0.9737 +/- 0.0000,2.24624715980243,0.02832956781379587,2.2462 +/- 0.0283,,,N/A,,,N/A,0.8650512388404789,7.253457094217689e-17,0.8651 +/- 0.0000,0.995339412314231,1.4506914188435379e-16,0.9953 +/- 0.0000,0.9076704545454545,0.0009280303030302931,0.9077 +/- 0.0009,1.0,0.0,1.0000 +/- 0.0000
1,Deep Ensemble,normalized_residual,0.05,0.95,27,19,38,1.0,19,10,2.50388299161364,0.04671094705768567,2.5039 +/- 0.0467,0.9736842105263157,7.253457094217689e-17,0.9737 +/- 0.0000,2.4338068095462906,0.018466655205049365,2.4338 +/- 0.0185,1.0,0.0,1.0000 +/- 0.0000,3.1089904558593964,0.057654785466718476,3.1090 +/- 0.0577,,,N/A,,,N/A,0.908190131774416,0.0,0.9082 +/- 0.0000,0.9999999999999998,7.253457094217689e-17,1.0000 +/- 0.0000,1.0,0.0,1.0000 +/- 0.0000,1.0,0.0,1.0000 +/- 0.0000
1,Gaussian residual-scale,normalized_residual,0.1,0.9,27,19,38,0.9473684210526315,18,10,1.8372705385627968,0.0438346729397387,1.8373 +/- 0.0438,0.9736842105263157,7.253457094217689e-17,0.9737 +/- 0.0000,2.4493827338333607,0.005404150246844473,2.4494 +/- 0.0054,0.9736842105263157,7.253457094217689e-17,0.9737 +/- 0.0000,2.2960618436336517,0.05513810712382016,2.2961 +/- 0.0551,,,N/A,,,N/A,0.8650512388404789,7.253457094217689e-17,0.8651 +/- 0.0000,0.995339412314231,1.4506914188435379e-16,0.9953 +/- 0.0000,0.9085068710359406,0.000737396153497074,0.9085 +/- 0.0007,1.0,0.0,1.0000 +/- 0.0000
1,Gaussian residual-scale,normalized_residual,0.05,0.95,27,19,38,1.0,19,10,2.478848076115215,0.06447736943836564,2.4788 +/- 0.0645,0.9736842105263157,7.253457094217689e-17,0.9737 +/- 0.0000,2.4493827338333607,0.005404150246844473,2.4494 +/- 0.0054,1.0,0.0,1.0000 +/- 0.0000,3.097970098257065,0.08317043394023242,3.0980 +/- 0.0832,,,N/A,,,N/A,0.908190131774416,0.0,0.9082 +/- 0.0000,0.9999999999999998,7.253457094217689e-17,1.0000 +/- 0.0000,1.0,0.0,1.0000 +/- 0.0000,1.0,0.0,1.0000 +/- 0.0000
2,Deterministic,absolute_residual,0.1,0.9,27,19,38,0.9473684210526315,18,10,1.1215061008930207,0.0421064915661684,1.1215 +/- 0.0421,,,N/A,,,N/A,0.9789473684210526,0.006877192982456132,0.9789 +/- 0.0069,2.2430122017860414,0.0842129831323368,2.2430 +/- 0.0842,,,N/A,,,N/A,0.8736790174272663,0.011273630686735599,0.8737 +/- 0.0113,0.9962715298513849,0.0012179669152142236,0.9963 +/- 0.0012,0.9259048018396644,0.024232364553272656,0.9259 +/- 0.0242,1.0,0.0,1.0000 +/- 0.0000
2,Deterministic,absolute_residual,0.05,0.95,27,19,38,1.0,19,10,1.4635241270065307,0.05459835599159917,1.4635 +/- 0.0546,,,N/A,,,N/A,1.0,0.0,1.0000 +/- 0.0000,2.9270482540130613,0.10919671198319834,2.9270 +/- 0.1092,,,N/A,,,N/A,0.908190131774416,0.0,0.9082 +/- 0.0000,0.9999999999999998,7.253457094217689e-17,1.0000 +/- 0.0000,1.0,0.0,1.0000 +/- 0.0000,1.0,0.0,1.0000 +/- 0.0000
2,Cohort-level Feature GP,normalized_residual,0.1,0.9,27,19,38,0.9473684210526315,18,10,1.7655796364743153,6.116425765625341e-07,1.7656 +/- 0.0000,0.9736842105263157,7.253457094217689e-17,0.9737 +/- 0.0000,2.4700877994037684,7.617586694896411e-07,2.4701 +/- 0.0000,0.9736842105263157,7.253457094217689e-17,0.9737 +/- 0.0000,2.2251106414862494,1.29368441017307e-07,2.2251 +/- 0.0000,,,N/A,,,N/A,0.8650512388404789,7.253457094217689e-17,0.8651 +/- 0.0000,0.995339412314231,1.4506914188435379e-16,0.9953 +/- 0.0000,0.908228065539112,0.0008461332726699841,0.9082 +/- 0.0008,1.0,0.0,1.0000 +/- 0.0000
2,Cohort-level Feature GP,normalized_residual,0.05,0.95,27,19,38,1.0,19,10,2.344336350339917,8.14733445622524e-07,2.3443 +/- 0.0000,0.9736842105263157,7.253457094217689e-17,0.9737 +/- 0.0000,2.4700877994037684,7.617586694896411e-07,2.4701 +/- 0.0000,1.0,0.0,1.0000 +/- 0.0000,2.9545015430632917,4.308304713552947e-07,2.9545 +/- 0.0000,,,N/A,,,N/A,0.908190131774416,0.0,0.9082 +/- 0.0000,0.9999999999999998,7.253457094217689e-17,1.0000 +/- 0.0000,1.0,0.0,1.0000 +/- 0.0000,1.0,0.0,1.0000 +/- 0.0000
2,MC Dropout,normalized_residual,0.1,0.9,27,19,38,0.9473684210526315,18,10,1.7369524170701993,0.05107743042744858,1.7370 +/- 0.0511,0.9947368421052631,0.006877192982456132,0.9947 +/- 0.0069,2.488422209870779,0.03529703929855503,2.4884 +/- 0.0353,0.9736842105263157,7.253457094217689e-17,0.9737 +/- 0.0000,2.203768106446586,0.04863904200659018,2.2038 +/- 0.0486,,,N/A,,,N/A,0.8650512388404789,7.253457094217689e-17,0.8651 +/- 0.0000,0.995339412314231,1.4506914188435379e-16,0.9953 +/- 0.0000,0.9085007306305185,0.0010909134957554872,0.9085 +/- 0.0011,1.0,0.0,1.0000 +/- 0.0000
2,MC Dropout,normalized_residual,0.05,0.95,27,19,38,1.0,19,10,2.419550167296995,0.07243134631933773,2.4196 +/- 0.0724,0.9947368421052631,0.006877192982456132,0.9947 +/- 0.0069,2.488422209870779,0.03529703929855503,2.4884 +/- 0.0353,1.0,0.0,1.0000 +/- 0.0000,3.0705627899060555,0.08195089042544325,3.0706 +/- 0.0820,,,N/A,,,N/A,0.908190131774416,0.0,0.9082 +/- 0.0000,0.9999999999999998,7.253457094217689e-17,1.0000 +/- 0.0000,1.0,0.0,1.0000 +/- 0.0000,1.0,0.0,1.0000 +/- 0.0000
2,Deep Ensemble,normalized_residual,0.1,0.9,27,19,38,0.9473684210526315,18,10,1.8250851549801106,0.02665222869370723,1.8251 +/- 0.0267,0.9815789473684211,0.007878814352731084,0.9816 +/- 0.0079,2.387268555534156,0.020405520577872253,2.3873 +/- 0.0204,0.9736842105263157,7.253457094217689e-17,0.9737 +/- 0.0000,2.2225920160951955,0.02584159295690226,2.2226 +/- 0.0258,,,N/A,,,N/A,0.8650512388404789,7.253457094217689e-17,0.8651 +/- 0.0000,0.995339412314231,1.4506914188435379e-16,0.9953 +/- 0.0000,0.9070142429073176,0.0011135392253257502,0.9070 +/- 0.0011,1.0,0.0,1.0000 +/- 0.0000
2,Deep Ensemble,normalized_residual,0.05,0.95,27,19,38,1.0,19,10,2.4471798023571547,0.03956030166751673,2.4472 +/- 0.0396,0.9815789473684211,0.007878814352731084,0.9816 +/- 0.0079,2.387268555534156,0.020405520577872253,2.3873 +/- 0.0204,1.0,0.0,1.0000 +/- 0.0000,2.9801181283375535,0.038599475544819815,2.9801 +/- 0.0386,,,N/A,,,N/A,0.908190131774416,0.0,0.9082 +/- 0.0000,0.9999999999999998,7.253457094217689e-17,1.0000 +/- 0.0000,1.0,0.0,1.0000 +/- 0.0000,1.0,0.0,1.0000 +/- 0.0000
2,Gaussian residual-scale,normalized_residual,0.1,0.9,27,19,38,0.9473684210526315,18,10,1.773273782397154,0.05370552991160827,1.7733 +/- 0.0537,0.9868421052631579,0.008596491228070165,0.9868 +/- 0.0086,2.430891298968228,0.007385061506227966,2.4309 +/- 0.0074,0.9736842105263157,7.253457094217689e-17,0.9737 +/- 0.0000,2.199162071943283,0.06425651728762574,2.1992 +/- 0.0643,,,N/A,,,N/A,0.8650512388404789,7.253457094217689e-17,0.8651 +/- 0.0000,0.995339412314231,1.4506914188435379e-16,0.9953 +/- 0.0000,0.907741312103594,0.0008914058491626141,0.9077 +/- 0.0009,1.0,0.0,1.0000 +/- 0.0000
2,Gaussian residual-scale,normalized_residual,0.05,0.95,27,19,38,1.0,19,10,2.4039506089190366,0.07425983335493848,2.4040 +/- 0.0743,0.9868421052631579,0.008596491228070165,0.9868 +/- 0.0086,2.430891298968228,0.007385061506227966,2.4309 +/- 0.0074,1.0,0.0,1.0000 +/- 0.0000,2.981789880990982,0.09560174116241131,2.9818 +/- 0.0956,,,N/A,,,N/A,0.908190131774416,0.0,0.9082 +/- 0.0000,0.9999999999999998,7.253457094217689e-17,1.0000 +/- 0.0000,1.0,0.0,1.0000 +/- 0.0000,1.0,0.0,1.0000 +/- 0.0000
3,Deterministic,absolute_residual,0.1,0.9,27,19,38,0.9473684210526315,18,10,1.1485216349363327,0.02717459811167874,1.1485 +/- 0.0272,,,N/A,,,N/A,0.976315789473684,0.0051578947368421,0.9763 +/- 0.0052,2.2970432698726655,0.05434919622335748,2.2970 +/- 0.0543,,,N/A,,,N/A,0.8693651281338726,0.008455223015051699,0.8694 +/- 0.0085,0.9958054710828079,0.0009134751864106678,0.9958 +/- 0.0009,0.9165958428826076,0.01820851344547817,0.9166 +/- 0.0182,1.0,0.0,1.0000 +/- 0.0000
3,Deterministic,absolute_residual,0.05,0.95,27,19,38,1.0,19,10,1.5029997676610944,0.0418221782508885,1.5030 +/- 0.0418,,,N/A,,,N/A,1.0,0.0,1.0000 +/- 0.0000,3.0059995353221893,0.083644356501777,3.0060 +/- 0.0836,,,N/A,,,N/A,0.908190131774416,0.0,0.9082 +/- 0.0000,0.9999999999999998,7.253457094217689e-17,1.0000 +/- 0.0000,1.0,0.0,1.0000 +/- 0.0000,1.0,0.0,1.0000 +/- 0.0000
3,Cohort-level Feature GP,normalized_residual,0.1,0.9,27,19,38,0.9473684210526315,18,10,1.7667174674058241,2.2724889652037212e-08,1.7667 +/- 0.0000,0.9736842105263157,7.253457094217689e-17,0.9737 +/- 0.0000,2.471570026033989,1.7101416295975258e-08,2.4716 +/- 0.0000,0.9736842105263157,7.253457094217689e-17,0.9737 +/- 0.0000,2.2278807015607587,1.3339426518683365e-08,2.2279 +/- 0.0000,,,N/A,,,N/A,0.8650512388404789,7.253457094217689e-17,0.8651 +/- 0.0000,0.995339412314231,1.4506914188435379e-16,0.9953 +/- 0.0000,0.9080962605708244,0.0008092362033059491,0.9081 +/- 0.0008,1.0,0.0,1.0000 +/- 0.0000
3,Cohort-level Feature GP,normalized_residual,0.05,0.95,27,19,38,1.0,19,10,2.3411958167007336,7.495827150146633e-09,2.3412 +/- 0.0000,0.9736842105263157,7.253457094217689e-17,0.9737 +/- 0.0000,2.471570026033989,1.7101416295975258e-08,2.4716 +/- 0.0000,1.0,0.0,1.0000 +/- 0.0000,2.95231415029884,1.5958477862239544e-08,2.9523 +/- 0.0000,,,N/A,,,N/A,0.908190131774416,0.0,0.9082 +/- 0.0000,0.9999999999999998,7.253457094217689e-17,1.0000 +/- 0.0000,1.0,0.0,1.0000 +/- 0.0000,1.0,0.0,1.0000 +/- 0.0000
3,MC Dropout,normalized_residual,0.1,0.9,27,19,38,0.9473684210526315,18,10,1.912042434027399,0.08475356110150337,1.9120 +/- 0.0848,0.9868421052631579,0.008596491228070165,0.9868 +/- 0.0086,2.352443672004884,0.05686360574010668,2.3524 +/- 0.0569,0.9789473684210526,0.006877192982456132,0.9789 +/- 0.0069,2.290332752266713,0.06510555763791553,2.2903 +/- 0.0651,,,N/A,,,N/A,0.8736790174272663,0.011273630686735599,0.8737 +/- 0.0113,0.9962715298513849,0.0012179669152142236,0.9963 +/- 0.0012,0.9259692088956795,0.024215887023228914,0.9260 +/- 0.0242,1.0,0.0,1.0000 +/- 0.0000
3,MC Dropout,normalized_residual,0.05,0.95,27,19,38,1.0,19,10,2.4171589299504066,0.09323996987004923,2.4172 +/- 0.0932,0.9868421052631579,0.008596491228070165,0.9868 +/- 0.0086,2.352443672004884,0.05686360574010668,2.3524 +/- 0.0569,1.0,0.0,1.0000 +/- 0.0000,2.8952581811964975,0.05137043069644378,2.8953 +/- 0.0514,,,N/A,,,N/A,0.908190131774416,0.0,0.9082 +/- 0.0000,0.9999999999999998,7.253457094217689e-17,1.0000 +/- 0.0000,1.0,0.0,1.0000 +/- 0.0000,1.0,0.0,1.0000 +/- 0.0000
3,Deep Ensemble,normalized_residual,0.1,0.9,27,19,38,0.9473684210526315,18,10,1.9190554324913571,0.03840417428570392,1.9191 +/- 0.0384,0.9815789473684211,0.007878814352731084,0.9816 +/- 0.0079,2.2861695194103744,0.022209626725671415,2.2862 +/- 0.0222,0.9736842105263157,7.253457094217689e-17,0.9737 +/- 0.0000,2.2379074457108694,0.03784448376581394,2.2379 +/- 0.0378,,,N/A,,,N/A,0.8650512388404789,7.253457094217689e-17,0.8651 +/- 0.0000,0.995339412314231,1.4506914188435379e-16,0.9953 +/- 0.0000,0.9068720426859962,0.0010330607068256077,0.9069 +/- 0.0010,1.0,0.0,1.0000 +/- 0.0000
3,Deep Ensemble,normalized_residual,0.05,0.95,27,19,38,1.0,19,10,2.4150178789646435,0.043743648150854686,2.4150 +/- 0.0437,0.9815789473684211,0.007878814352731084,0.9816 +/- 0.0079,2.2861695194103744,0.022209626725671415,2.2862 +/- 0.0222,1.0,0.0,1.0000 +/- 0.0000,2.816252091148054,0.04080068599314826,2.8163 +/- 0.0408,,,N/A,,,N/A,0.908190131774416,0.0,0.9082 +/- 0.0000,0.9999999999999998,7.253457094217689e-17,1.0000 +/- 0.0000,1.0,0.0,1.0000 +/- 0.0000,1.0,0.0,1.0000 +/- 0.0000
3,Gaussian residual-scale,normalized_residual,0.1,0.9,27,19,38,0.9473684210526315,18,10,1.8501580468494396,0.058227571274515104,1.8502 +/- 0.0582,0.9842105263157895,0.008422806834833374,0.9842 +/- 0.0084,2.4185064813595165,0.005285204405792617,2.4185 +/- 0.0053,0.9736842105263157,7.253457094217689e-17,0.9737 +/- 0.0000,2.2829231560230254,0.07079747393998986,2.2829 +/- 0.0708,,,N/A,,,N/A,0.8650512388404789,7.253457094217689e-17,0.8651 +/- 0.0000,0.995339412314231,1.4506914188435379e-16,0.9953 +/- 0.0000,0.9066472036028488,0.0012066436698373257,0.9066 +/- 0.0012,1.0,0.0,1.0000 +/- 0.0000
3,Gaussian residual-scale,normalized_residual,0.05,0.95,27,19,38,1.0,19,10,2.435930830444801,0.05106240711131011,2.4359 +/- 0.0511,0.9842105263157895,0.008422806834833374,0.9842 +/- 0.0084,2.4185064813595165,0.005285204405792617,2.4185 +/- 0.0053,1.0,0.0,1.0000 +/- 0.0000,3.0056730628013613,0.06013919586939297,3.0057 +/- 0.0601,,,N/A,,,N/A,0.908190131774416,0.0,0.9082 +/- 0.0000,0.9999999999999998,7.253457094217689e-17,1.0000 +/- 0.0000,1.0,0.0,1.0000 +/- 0.0000,1.0,0.0,1.0000 +/- 0.0000
4,Deterministic,absolute_residual,0.1,0.9,27,19,38,0.9473684210526315,18,10,1.1236777007579803,0.028223445934400557,1.1237 +/- 0.0282,,,N/A,,,N/A,0.9789473684210526,0.006877192982456132,0.9789 +/- 0.0069,2.2473554015159607,0.05644689186880111,2.2474 +/- 0.0564,,,N/A,,,N/A,0.8736790174272663,0.011273630686735599,0.8737 +/- 0.0113,0.9962715298513849,0.0012179669152142236,0.9963 +/- 0.0012,0.9265117229062166,0.02402984257085422,0.9265 +/- 0.0240,1.0,0.0,1.0000 +/- 0.0000
4,Deterministic,absolute_residual,0.05,0.95,27,19,38,1.0,19,10,1.4668613404035566,0.047200100225898864,1.4669 +/- 0.0472,,,N/A,,,N/A,1.0,0.0,1.0000 +/- 0.0000,2.9337226808071137,0.09440020045179773,2.9337 +/- 0.0944,,,N/A,,,N/A,0.908190131774416,0.0,0.9082 +/- 0.0000,0.9999999999999998,7.253457094217689e-17,1.0000 +/- 0.0000,1.0,0.0,1.0000 +/- 0.0000,1.0,0.0,1.0000 +/- 0.0000
4,Cohort-level Feature GP,normalized_residual,0.1,0.9,27,19,38,0.9473684210526315,18,10,1.7667174594227535,2.2378750550844224e-08,1.7667 +/- 0.0000,0.9736842105263157,7.253457094217689e-17,0.9737 +/- 0.0000,2.4715700202184814,2.5219543204811468e-08,2.4716 +/- 0.0000,0.9736842105263157,7.253457094217689e-17,0.9737 +/- 0.0000,2.2278806862517646,2.6327367722397088e-08,2.2279 +/- 0.0000,,,N/A,,,N/A,0.8650512388404789,7.253457094217689e-17,0.8651 +/- 0.0000,0.995339412314231,1.4506914188435379e-16,0.9953 +/- 0.0000,0.9077913248604359,0.0010615999406434135,0.9078 +/- 0.0011,1.0,0.0,1.0000 +/- 0.0000
4,Cohort-level Feature GP,normalized_residual,0.05,0.95,27,19,38,1.0,19,10,2.341195837831374,2.4396517208559835e-08,2.3412 +/- 0.0000,0.9736842105263157,7.253457094217689e-17,0.9737 +/- 0.0000,2.4715700202184814,2.5219543204811468e-08,2.4716 +/- 0.0000,1.0,0.0,1.0000 +/- 0.0000,2.9523141699984943,3.2032031234865426e-08,2.9523 +/- 0.0000,,,N/A,,,N/A,0.908190131774416,0.0,0.9082 +/- 0.0000,0.9999999999999998,7.253457094217689e-17,1.0000 +/- 0.0000,1.0,0.0,1.0000 +/- 0.0000,1.0,0.0,1.0000 +/- 0.0000
4,MC Dropout,normalized_residual,0.1,0.9,27,19,38,0.9473684210526315,18,10,1.904324104329023,0.07042333567422575,1.9043 +/- 0.0704,0.9815789473684211,0.007878814352731084,0.9816 +/- 0.0079,2.3828371322021313,0.05165156352288249,2.3828 +/- 0.0517,0.9763157894736842,0.0051578947368421,0.9763 +/- 0.0052,2.312700384355442,0.07182314833449896,2.3127 +/- 0.0718,,,N/A,,,N/A,0.8693651281338723,0.008455223015051699,0.8694 +/- 0.0085,0.9958054710828079,0.0009134751864106678,0.9958 +/- 0.0009,0.9164589442815249,0.018232876950465663,0.9165 +/- 0.0182,1.0,0.0,1.0000 +/- 0.0000
4,MC Dropout,normalized_residual,0.05,0.95,27,19,38,1.0,19,10,2.4297429882646306,0.07738491852577618,2.4297 +/- 0.0774,0.9815789473684211,0.007878814352731084,0.9816 +/- 0.0079,2.3828371322021313,0.05165156352288249,2.3828 +/- 0.0517,1.0,0.0,1.0000 +/- 0.0000,2.9511840098341082,0.07556949920603706,2.9512 +/- 0.0756,,,N/A,,,N/A,0.908190131774416,0.0,0.9082 +/- 0.0000,0.9999999999999998,7.253457094217689e-17,1.0000 +/- 0.0000,1.0,0.0,1.0000 +/- 0.0000,1.0,0.0,1.0000 +/- 0.0000
4,Deep Ensemble,normalized_residual,0.1,0.9,27,19,38,0.9473684210526315,18,10,1.9180010466665522,0.034394144903327935,1.9180 +/- 0.0344,0.9815789473684211,0.007878814352731084,0.9816 +/- 0.0079,2.2856991140269445,0.03010938336754961,2.2857 +/- 0.0301,0.9736842105263157,7.253457094217689e-17,0.9737 +/- 0.0000,2.235878990159592,0.0278388319893516,2.2359 +/- 0.0278,,,N/A,,,N/A,0.8650512388404789,7.253457094217689e-17,0.8651 +/- 0.0000,0.995339412314231,1.4506914188435379e-16,0.9953 +/- 0.0000,0.9072983338164086,0.001168190005887105,0.9073 +/- 0.0012,1.0,0.0,1.0000 +/- 0.0000
4,Deep Ensemble,normalized_residual,0.05,0.95,27,19,38,1.0,19,10,2.4095217325055747,0.028619710197641486,2.4095 +/- 0.0286,0.9815789473684211,0.007878814352731084,0.9816 +/- 0.0079,2.2856991140269445,0.03010938336754961,2.2857 +/- 0.0301,1.0,0.0,1.0000 +/- 0.0000,2.8091559012645466,0.023077546211446805,2.8092 +/- 0.0231,,,N/A,,,N/A,0.908190131774416,0.0,0.9082 +/- 0.0000,0.9999999999999998,7.253457094217689e-17,1.0000 +/- 0.0000,1.0,0.0,1.0000 +/- 0.0000,1.0,0.0,1.0000 +/- 0.0000
4,Gaussian residual-scale,normalized_residual,0.1,0.9,27,19,38,0.9473684210526315,18,10,1.8470813047311723,0.05632952105207134,1.8471 +/- 0.0563,0.9894736842105264,0.008422806834833374,0.9895 +/- 0.0084,2.4228200125423536,0.005802054303601602,2.4228 +/- 0.0058,0.9815789473684211,0.007878814352731084,0.9816 +/- 0.0079,2.2833778500556945,0.07131592832856132,2.2834 +/- 0.0713,,,N/A,,,N/A,0.8779929067206599,0.012915566494735716,0.8780 +/- 0.0129,0.9967375886199618,0.0013953563957302608,0.9967 +/- 0.0014,0.9357954545454545,0.027469696969696974,0.9358 +/- 0.0275,1.0,0.0,1.0000 +/- 0.0000
4,Gaussian residual-scale,normalized_residual,0.05,0.95,27,19,38,1.0,19,10,2.371898530874966,0.09737376222441958,2.3719 +/- 0.0974,0.9894736842105264,0.008422806834833374,0.9895 +/- 0.0084,2.4228200125423536,0.005802054303601602,2.4228 +/- 0.0058,1.0,0.0,1.0000 +/- 0.0000,2.9318267524242403,0.11841045758504552,2.9318 +/- 0.1184,,,N/A,,,N/A,0.908190131774416,0.0,0.9082 +/- 0.0000,0.9999999999999998,7.253457094217689e-17,1.0000 +/- 0.0000,1.0,0.0,1.0000 +/- 0.0000,1.0,0.0,1.0000 +/- 0.0000
