"run_id","trajectory_id","method","logv_target","logv_mean","logv_lower","logv_upper","abs_error","interval_width"
"repeat1","DLT_TRAJ_000011","Deterministic",0.0331352017819881,-0.0503368340432644,-1.41214137896895,1.31146771088243,0.0834720358252525,2.72360908985138
"repeat1","DLT_TRAJ_000019","Deterministic",1.68956542015076,1.22347962856293,-0.138324916362762,2.58528417348862,0.46608579158783,2.72360908985138
"repeat1","DLT_TRAJ_000020","Deterministic",1.1846832036972,0.572782576084137,-0.789021968841553,1.93458712100983,0.611900627613068,2.72360908985138
"repeat1","DLT_TRAJ_000022","Deterministic",-0.320047527551651,-0.557437360286713,-1.9192419052124,0.804367184638977,0.237389832735062,2.72360908985138
"repeat1","DLT_TRAJ_000031","Deterministic",-1.23414885997772,-0.590565264225006,-1.9523698091507,0.771239280700684,0.643583595752716,2.72360908985138
"repeat1","DLT_TRAJ_000032","Deterministic",0.672790229320526,0.25849911570549,-1.1033054292202,1.62030366063118,0.414291113615036,2.72360908985138
"repeat1","DLT_TRAJ_000042","Deterministic",-0.792080700397491,-0.481127858161926,-1.84293240308762,0.880676686763763,0.310952842235565,2.72360908985138
"repeat1","DLT_TRAJ_000046","Deterministic",0.325891822576523,-0.196267366409302,-1.55807191133499,1.16553717851639,0.522159188985825,2.72360908985138
"repeat1","DLT_TRAJ_000047","Deterministic",1.51897990703583,0.552806258201599,-0.808998286724091,1.91461080312729,0.966173648834229,2.72360908985138
"repeat1","DLT_TRAJ_000051","Deterministic",0.854069530963898,0.740768790245056,-0.621035754680634,2.10257333517075,0.113300740718842,2.72360908985138
"repeat1","DLT_TRAJ_000055","Deterministic",0.99810403585434,0.415596276521683,-0.946208268404007,1.77740082144737,0.582507759332657,2.72360908985138
"repeat1","DLT_TRAJ_000057","Deterministic",0.905772566795349,0.331828743219376,-1.02997580170631,1.69363328814507,0.573943823575974,2.72360908985138
"repeat1","DLT_TRAJ_000058","Deterministic",-0.197001442313194,-0.131697356700897,-1.49350190162659,1.23010718822479,0.0653040856122971,2.72360908985138
"repeat1","DLT_TRAJ_000063","Deterministic",-0.70776492357254,-1.13341987133026,-2.49522441625595,0.228384673595428,0.425654947757721,2.72360908985138
"repeat1","DLT_TRAJ_000064","Deterministic",1.38516318798065,0.934758067131042,-0.427046477794647,2.29656261205673,0.45040512084961,2.72360908985138
"repeat1","DLT_TRAJ_000067","Deterministic",-0.374174684286118,-0.804793775081635,-2.16659832000732,0.557010769844055,0.430619090795517,2.72360908985138
"repeat1","DLT_TRAJ_000069","Deterministic",-0.176891788840294,-0.0711996629834175,-1.43300420790911,1.29060488194227,0.105692125856876,2.72360908985138
"repeat1","DLT_TRAJ_000083","Deterministic",-0.423801451921463,-0.148645743727684,-1.51045028865337,1.21315880119801,0.275155708193779,2.72360908985138
"repeat1","DLT_TRAJ_000090","Deterministic",-0.632111608982086,-1.08622765541077,-2.44803220033646,0.275576889514923,0.45411604642868,2.72360908985138
"repeat1","DLT_TRAJ_000100","Deterministic",0.707055628299713,0.828607976436615,-0.533196568489075,2.1904125213623,0.121552348136902,2.72360908985138
"repeat1","DLT_TRAJ_000110","Deterministic",0.759511709213257,0.672546684741974,-0.689257860183716,2.03435122966766,0.086965024471283,2.72360908985138
"repeat1","DLT_TRAJ_000114","Deterministic",1.62076902389526,1.28308260440826,-0.0787219405174255,2.64488714933395,0.337686419487,2.72360908985138
"repeat1","DLT_TRAJ_000115","Deterministic",-1.16741514205933,-0.0649419575929642,-1.42674650251865,1.29686258733273,1.10247318446636,2.72360908985138
"repeat1","DLT_TRAJ_000116","Deterministic",0.0446638874709606,-0.178809583187103,-1.54061412811279,1.18299496173859,0.223473470658064,2.72360908985138
"repeat1","DLT_TRAJ_000118","Deterministic",-1.66287219524384,-1.46747291088104,-2.82927745580673,-0.105668365955353,0.195399284362793,2.72360908985138
"repeat1","DLT_TRAJ_000119","Deterministic",-0.458312928676605,-0.657346308231354,-2.01915085315704,0.704458236694336,0.199033379554749,2.72360908985138
"repeat1","DLT_TRAJ_000124","Deterministic",-0.375646710395813,0.0365243144333363,-1.32528023049235,1.39832885935903,0.412171024829149,2.72360908985138
"repeat1","DLT_TRAJ_000130","Deterministic",-0.157125055789948,-0.48645281791687,-1.84825736284256,0.87535172700882,0.329327762126923,2.72360908985138
"repeat1","DLT_TRAJ_000137","Deterministic",0.519709467887878,1.11062157154083,-0.251182973384857,2.47242611646652,0.590912103652954,2.72360908985138
"repeat1","DLT_TRAJ_000142","Deterministic",0.286004483699799,-0.186377793550491,-1.54818233847618,1.1754267513752,0.47238227725029,2.72360908985138
"repeat1","DLT_TRAJ_000171","Deterministic",-0.203029572963715,-0.441698849201202,-1.80350339412689,0.920105695724487,0.238669276237488,2.72360908985138
"repeat1","DLT_TRAJ_000176","Deterministic",-0.496640354394913,-0.333743900060654,-1.69554844498634,1.02806064486504,0.162896454334259,2.72360908985138
"repeat1","DLT_TRAJ_000180","Deterministic",-1.21451771259308,-0.824420750141144,-2.18622529506683,0.537383794784546,0.390096962451935,2.72360908985138
"repeat1","DLT_TRAJ_000189","Deterministic",-0.246577516198158,-0.436384052038193,-1.79818859696388,0.925420492887497,0.189806535840035,2.72360908985138
"repeat1","DLT_TRAJ_000193","Deterministic",0.299229204654694,0.028160635381937,-1.33364390954375,1.38996518030763,0.271068569272757,2.72360908985138
"repeat1","DLT_TRAJ_000194","Deterministic",-0.636180460453033,-0.855944633483887,-2.21774917840958,0.505859911441803,0.219764173030853,2.72360908985138
"repeat1","DLT_TRAJ_000195","Deterministic",1.93383157253265,0.940743386745453,-0.421061158180237,2.30254793167114,0.993088185787201,2.72360908985138
"repeat1","DLT_TRAJ_000200","Deterministic",-2.33937525749206,-2.34299492835999,-3.70479947328568,-0.981190383434296,0.00361967086792037,2.72360908985138
"repeat1","DLT_TRAJ_000011","MC Dropout",0.0331352017819881,0.0712156952451915,-1.07962086731758,1.22205225780797,0.0380804934632033,2.30167312512555
"repeat1","DLT_TRAJ_000019","MC Dropout",1.68956542015076,1.35327266931534,-0.803056236471517,3.50960157510219,0.336292750835419,4.31265781157371
"repeat1","DLT_TRAJ_000020","MC Dropout",1.1846832036972,0.709685062170029,-0.700819697442889,2.12018982178295,0.474998141527176,2.82100951922584
"repeat1","DLT_TRAJ_000022","MC Dropout",-0.320047527551651,-0.449106795191765,-1.9732500264236,1.07503643604007,0.129059267640114,3.04828646246366
"repeat1","DLT_TRAJ_000031","MC Dropout",-1.23414885997772,-0.429796625971794,-1.69390785892456,0.83431460698097,0.804352234005928,2.52822246590553
"repeat1","DLT_TRAJ_000032","MC Dropout",0.672790229320526,0.38977944791317,-0.905488225435494,1.68504712126183,0.283010781407356,2.59053534669733
"repeat1","DLT_TRAJ_000042","MC Dropout",-0.792080700397491,-0.360666406452656,-2.00306636065074,1.28173354774542,0.431414293944836,3.28479990839616
"repeat1","DLT_TRAJ_000046","MC Dropout",0.325891822576523,-0.0965982369706035,-1.23502631640031,1.0418298424591,0.422490059547126,2.27685615885941
"repeat1","DLT_TRAJ_000047","MC Dropout",1.51897990703583,0.717676123380661,-0.480149007785724,1.91550125454705,0.801303783655167,2.39565026233277
"repeat1","DLT_TRAJ_000051","MC Dropout",0.854069530963898,0.852058353424072,-0.738136291627394,2.44225299847554,0.00201117753982549,3.18038929010293
"repeat1","DLT_TRAJ_000055","MC Dropout",0.99810403585434,0.537802039384842,-0.894069554063876,1.96967363283356,0.460301996469498,2.86374318689744
"repeat1","DLT_TRAJ_000057","MC Dropout",0.905772566795349,0.480237580835819,-1.04081018158132,2.00128534325296,0.42553498595953,3.04209552483428
"repeat1","DLT_TRAJ_000058","MC Dropout",-0.197001442313194,0.0125442085973918,-1.10674987192868,1.13183828912347,0.209545650910586,2.23858816105215
"repeat1","DLT_TRAJ_000063","MC Dropout",-0.70776492357254,-0.949976615905762,-2.94055337784071,1.04060014602919,0.242211692333221,3.98115352386989
"repeat1","DLT_TRAJ_000064","MC Dropout",1.38516318798065,1.04644207715988,-0.763766466362954,2.85665062068272,0.33872111082077,3.62041708704567
"repeat1","DLT_TRAJ_000067","MC Dropout",-0.374174684286118,-0.651661828756332,-2.4258891815817,1.12256552406904,0.277487144470215,3.54845470565074
"repeat1","DLT_TRAJ_000069","MC Dropout",-0.176891788840294,0.0572279474977404,-1.1560591301542,1.27051502514968,0.234119736338034,2.42657415530388
"repeat1","DLT_TRAJ_000083","MC Dropout",-0.423801451921463,-0.0329834058135748,-1.25984694319668,1.19388013156953,0.390818046107888,2.45372707476622
"repeat1","DLT_TRAJ_000090","MC Dropout",-0.632111608982086,-0.951862281560898,-2.63783421106567,0.734109647943871,0.319750672578812,3.37194385900954
"repeat1","DLT_TRAJ_000100","MC Dropout",0.707055628299713,0.954110139608383,-0.69242194408809,2.60064222330486,0.24705451130867,3.29306416739295
"repeat1","DLT_TRAJ_000110","MC Dropout",0.759511709213257,0.790624774694443,-0.429424960257022,2.01067450964591,0.0311130654811859,2.44009946990293
"repeat1","DLT_TRAJ_000114","MC Dropout",1.62076902389526,1.40040552616119,-1.06333537241013,3.86414642473251,0.22036349773407,4.92748179714264
"repeat1","DLT_TRAJ_000115","MC Dropout",-1.16741514205933,0.0064747102605179,-1.19978155086056,1.2127309713816,1.17388985231984,2.41251252224216
"repeat1","DLT_TRAJ_000116","MC Dropout",0.0446638874709606,-0.059918277291581,-1.25365841859639,1.13382186401323,0.104582164762542,2.38748028260962
"repeat1","DLT_TRAJ_000118","MC Dropout",-1.66287219524384,-1.32228064060211,-3.7870039442757,1.14244266307147,0.340591554641724,4.92944660734717
"repeat1","DLT_TRAJ_000119","MC Dropout",-0.458312928676605,-0.505289670526981,-1.82324908762457,0.812669746570605,0.0469767418503761,2.63591883419517
"repeat1","DLT_TRAJ_000124","MC Dropout",-0.375646710395813,0.18949610479176,-0.742574147687615,1.12156635727114,0.565142815187573,1.86414050495875
"repeat1","DLT_TRAJ_000130","MC Dropout",-0.157125055789948,-0.317935827076435,-1.73509057102673,1.09921891687386,0.160810771286488,2.83430948790058
"repeat1","DLT_TRAJ_000137","MC Dropout",0.519709467887878,1.20569011926651,-0.767939361617287,3.17931960015031,0.685980651378632,3.94725896176759
"repeat1","DLT_TRAJ_000142","MC Dropout",0.286004483699799,-0.061403238363564,-1.19661986771916,1.07381339099204,0.347407722063363,2.2704332587112
"repeat1","DLT_TRAJ_000171","MC Dropout",-0.203029572963715,-0.273944911211729,-1.57490722166075,1.02701739923729,0.0709153382480144,2.60192462089804
"repeat1","DLT_TRAJ_000176","MC Dropout",-0.496640354394913,-0.220138539671898,-1.31915645665419,0.878879377310397,0.276501814723015,2.19803583396459
"repeat1","DLT_TRAJ_000180","MC Dropout",-1.21451771259308,-0.664794390201569,-2.25015651746603,0.92056773706289,0.54972332239151,3.17072425452892
"repeat1","DLT_TRAJ_000189","MC Dropout",-0.246577516198158,-0.346188165843487,-1.7643282287314,1.07195189704443,0.0996106496453285,2.83628012577582
"repeat1","DLT_TRAJ_000193","MC Dropout",0.299229204654694,0.128231700025499,-0.902704072137939,1.15916747218894,0.170997504629195,2.06187154432688
"repeat1","DLT_TRAJ_000194","MC Dropout",-0.636180460453033,-0.767461253404617,-2.2764793477381,0.741556840928868,0.131280792951584,3.01803618866697
"repeat1","DLT_TRAJ_000195","MC Dropout",1.93383157253265,1.07496398448944,-0.448535907763295,2.59846387674218,0.858867588043213,3.04699978450547
"repeat1","DLT_TRAJ_000200","MC Dropout",-2.33937525749206,-2.28286784887314,-5.86061102572895,1.29487532798267,0.0565074086189266,7.15548635371162
"repeat1","DLT_TRAJ_000011","Deep Ensemble",0.0331352017819881,0.0225644633173943,-1.33769927311271,1.3828281997475,0.0105707384645939,2.72052747286021
"repeat1","DLT_TRAJ_000019","Deep Ensemble",1.68956542015076,1.35522427558899,-0.215023747491501,2.92547229866948,0.334341144561768,3.14049604616098
"repeat1","DLT_TRAJ_000020","Deep Ensemble",1.1846832036972,0.706950175762177,-0.642319922307602,2.05622027383196,0.477733027935028,2.69854019613956
"repeat1","DLT_TRAJ_000022","Deep Ensemble",-0.320047527551651,-0.482842969894409,-1.86738559724208,0.901699657453258,0.162795442342758,2.76908525469534
"repeat1","DLT_TRAJ_000031","Deep Ensemble",-1.23414885997772,-0.474550867080688,-1.70693441334132,0.757832679179942,0.759597992897034,2.46476709252126
"repeat1","DLT_TRAJ_000032","Deep Ensemble",0.672790229320526,0.342154681682587,-1.01722369898526,1.70153306235044,0.330635547637939,2.7187567613357
"repeat1","DLT_TRAJ_000042","Deep Ensemble",-0.792080700397491,-0.403083157539368,-1.74392035275625,0.937754037677518,0.388997542858124,2.68167439043377
"repeat1","DLT_TRAJ_000046","Deep Ensemble",0.325891822576523,-0.140937216579914,-1.5584095060987,1.27653507293887,0.466829039156437,2.83494457903757
"repeat1","DLT_TRAJ_000047","Deep Ensemble",1.51897990703583,0.678025567531586,-0.756266429382396,2.11231756444557,0.840954339504242,2.86858399382796
"repeat1","DLT_TRAJ_000051","Deep Ensemble",0.854069530963898,0.83234349489212,-0.536025920929156,2.2007129107134,0.0217260360717774,2.73673883164255
"repeat1","DLT_TRAJ_000055","Deep Ensemble",0.99810403585434,0.515161991119385,-0.824439852863232,1.854763835102,0.482942044734955,2.67920368796523
"repeat1","DLT_TRAJ_000057","Deep Ensemble",0.905772566795349,0.438220244646072,-0.889809996361402,1.76625048565355,0.467552322149277,2.65606048201495
"repeat1","DLT_TRAJ_000058","Deep Ensemble",-0.197001442313194,0.0454540673643351,-1.18989620675191,1.28080434148058,0.242455509677529,2.4707005482325
"repeat1","DLT_TRAJ_000063","Deep Ensemble",-0.70776492357254,-1.01852003335953,-2.38933030133874,0.352290234619687,0.310755109786987,2.74162053595843
"repeat1","DLT_TRAJ_000064","Deep Ensemble",1.38516318798065,1.03851251602173,-0.38588917383672,2.46291420588018,0.346650671958924,2.8488033797169
"repeat1","DLT_TRAJ_000067","Deep Ensemble",-0.374174684286118,-0.711857664585114,-2.10041598336964,0.676700654199417,0.337682980298996,2.77711663756906
"repeat1","DLT_TRAJ_000069","Deep Ensemble",-0.176891788840294,-0.00495421625673771,-1.36638150131713,1.35647306880365,0.171937572583556,2.72285457012078
"repeat1","DLT_TRAJ_000083","Deep Ensemble",-0.423801451921463,-0.0880863673985004,-1.46037560068801,1.28420286589101,0.335715084522963,2.74457846657902
"repeat1","DLT_TRAJ_000090","Deep Ensemble",-0.632111608982086,-0.964549696445465,-2.3249986755621,0.395899282671168,0.332438087463379,2.72089795823327
"repeat1","DLT_TRAJ_000100","Deep Ensemble",0.707055628299713,0.927628707885742,-0.459102749986809,2.31436016575829,0.220573079586029,2.7734629157451
"repeat1","DLT_TRAJ_000110","Deep Ensemble",0.759511709213257,0.759308922290802,-0.577444468559719,2.09606231314132,0.00020278692245479,2.67350678170104
"repeat1","DLT_TRAJ_000114","Deep Ensemble",1.62076902389526,1.38850164413452,-0.217034591770683,2.99403788003973,0.232267379760742,3.21107247181041
"repeat1","DLT_TRAJ_000115","Deep Ensemble",-1.16741514205933,-0.0208847340196371,-1.39573033537316,1.35396086733389,1.14653040803969,2.74969120270705
"repeat1","DLT_TRAJ_000116","Deep Ensemble",0.0446638874709606,-0.113344947993755,-1.50323161859078,1.27654172260327,0.158008835464716,2.77977334119405
"repeat1","DLT_TRAJ_000118","Deep Ensemble",-1.66287219524384,-1.35182383060455,-2.89613623048724,0.192488569278134,0.311048364639282,3.08862479976538
"repeat1","DLT_TRAJ_000119","Deep Ensemble",-0.458312928676605,-0.55031486749649,-1.86057893304006,0.759949198047078,0.0920019388198853,2.62052813108714
"repeat1","DLT_TRAJ_000124","Deep Ensemble",-0.375646710395813,0.160167151689529,-1.0705890384709,1.39092334184996,0.535813862085342,2.46151238032087
"repeat1","DLT_TRAJ_000130","Deep Ensemble",-0.157125055789948,-0.373346155881882,-1.63552258167088,0.888830269907112,0.216221100091934,2.52435285157799
"repeat1","DLT_TRAJ_000137","Deep Ensemble",0.519709467887878,1.21232128143311,-0.167921962264767,2.59256452513098,0.692611813545227,2.76048648739575
"repeat1","DLT_TRAJ_000142","Deep Ensemble",0.286004483699799,-0.114002652466297,-1.47547524763769,1.24746994270509,0.400007136166096,2.72294519034278
"repeat1","DLT_TRAJ_000171","Deep Ensemble",-0.203029572963715,-0.267981296777725,-1.47068278319038,0.934720189634933,0.0649517238140106,2.40540297282532
"repeat1","DLT_TRAJ_000176","Deep Ensemble",-0.496640354394913,-0.261577454209328,-1.62828976427395,1.10513485585529,0.235062900185585,2.73342462012924
"repeat1","DLT_TRAJ_000180","Deep Ensemble",-1.21451771259308,-0.695483756065369,-1.98523554287733,0.594268030746597,0.51903395652771,2.57950357362393
"repeat1","DLT_TRAJ_000189","Deep Ensemble",-0.246577516198158,-0.38826841711998,-1.82727332845308,1.05073649421312,0.141690900921822,2.8780098226662
"repeat1","DLT_TRAJ_000193","Deep Ensemble",0.299229204654694,0.103238117694855,-1.28768031274177,1.49415654813148,0.195991086959839,2.78183686087325
"repeat1","DLT_TRAJ_000194","Deep Ensemble",-0.636180460453033,-0.766250061988831,-2.18774639440252,0.655246270424857,0.130069601535797,2.84299266482738
"repeat1","DLT_TRAJ_000195","Deep Ensemble",1.93383157253265,1.03931241035461,-0.423236869955826,2.50186169066505,0.894519162178039,2.92509856062088
"repeat1","DLT_TRAJ_000200","Deep Ensemble",-2.33937525749206,-2.16215329170227,-4.25903722468307,-0.0652693587214701,0.177221965789795,4.1937678659616
"repeat1","DLT_TRAJ_000011","Residual Gaussian",0.0331352017819881,-0.0130783692002296,-1.38328013569117,1.35712339729071,0.0462135709822178,2.74040353298187
"repeat1","DLT_TRAJ_000019","Residual Gaussian",1.68956542015076,1.3494461774826,-0.0207555890083313,2.71964794397354,0.340119242668152,2.74040353298187
"repeat1","DLT_TRAJ_000020","Residual Gaussian",1.1846832036972,0.671567142009735,-0.698634624481201,2.04176890850067,0.51311606168747,2.74040353298187
"repeat1","DLT_TRAJ_000022","Residual Gaussian",-0.320047527551651,-0.542701900005341,-1.91290366649628,0.827499866485596,0.22265437245369,2.74040353298187
"repeat1","DLT_TRAJ_000031","Residual Gaussian",-1.23414885997772,-0.576608419418335,-1.94681018590927,0.793593347072601,0.657540440559387,2.74040353298187
"repeat1","DLT_TRAJ_000032","Residual Gaussian",0.672790229320526,0.314632505178452,-1.05556926131248,1.68483427166939,0.358157724142075,2.74040353298187
"repeat1","DLT_TRAJ_000042","Residual Gaussian",-0.792080700397491,-0.466880410909653,-1.83708217740059,0.903321355581284,0.325200289487839,2.74040353298187
"repeat1","DLT_TRAJ_000046","Residual Gaussian",0.325891822576523,-0.172580718994141,-1.54278248548508,1.1976210474968,0.498472541570663,2.74040353298187
"repeat1","DLT_TRAJ_000047","Residual Gaussian",1.51897990703583,0.644095540046692,-0.726106226444244,2.01429730653763,0.874884366989136,2.74040353298187
"repeat1","DLT_TRAJ_000051","Residual Gaussian",0.854069530963898,0.81676721572876,-0.553434550762177,2.1869689822197,0.0373023152351379,2.74040353298187
"repeat1","DLT_TRAJ_000055","Residual Gaussian",0.99810403585434,0.486462235450745,-0.883739531040192,1.85666400194168,0.511641800403595,2.74040353298187
"repeat1","DLT_TRAJ_000057","Residual Gaussian",0.905772566795349,0.402800619602203,-0.967401146888733,1.77300238609314,0.502971947193146,2.74040353298187
"repeat1","DLT_TRAJ_000058","Residual Gaussian",-0.197001442313194,-0.0545968487858772,-1.42479861527681,1.31560491770506,0.142404593527317,2.74040353298187
"repeat1","DLT_TRAJ_000063","Residual Gaussian",-0.70776492357254,-1.14219439029694,-2.51239615678787,0.228007376194,0.434429466724396,2.74040353298187
"repeat1","DLT_TRAJ_000064","Residual Gaussian",1.38516318798065,1.02603316307068,-0.344168603420258,2.39623492956161,0.359130024909973,2.74040353298187
"repeat1","DLT_TRAJ_000067","Residual Gaussian",-0.374174684286118,-0.793572783470154,-2.16377454996109,0.576628983020782,0.419398099184036,2.74040353298187
"repeat1","DLT_TRAJ_000069","Residual Gaussian",-0.176891788840294,-0.0385052934288979,-1.40870705991983,1.33169647306204,0.138386495411396,2.74040353298187
"repeat1","DLT_TRAJ_000083","Residual Gaussian",-0.423801451921463,-0.122341893613338,-1.49254366010427,1.2478598728776,0.301459558308125,2.74040353298187
"repeat1","DLT_TRAJ_000090","Residual Gaussian",-0.632111608982086,-1.08243811130524,-2.45263987779617,0.287763655185699,0.450326502323151,2.74040353298187
"repeat1","DLT_TRAJ_000100","Residual Gaussian",0.707055628299713,0.91266930103302,-0.457532465457916,2.28287106752396,0.205613672733307,2.74040353298187
"repeat1","DLT_TRAJ_000110","Residual Gaussian",0.759511709213257,0.740461051464081,-0.629740715026855,2.11066281795502,0.019050657749176,2.74040353298187
"repeat1","DLT_TRAJ_000114","Residual Gaussian",1.62076902389526,1.38191092014313,0.0117091536521912,2.75211268663406,0.238858103752136,2.74040353298187
"repeat1","DLT_TRAJ_000115","Residual Gaussian",-1.16741514205933,-0.0527704134583473,-1.42297217994928,1.31743135303259,1.11464472860098,2.74040353298187
"repeat1","DLT_TRAJ_000116","Residual Gaussian",0.0446638874709606,-0.150209218263626,-1.52041098475456,1.21999254822731,0.194873105734587,2.74040353298187
"repeat1","DLT_TRAJ_000118","Residual Gaussian",-1.66287219524384,-1.47915875911713,-2.84936052560806,-0.10895699262619,0.183713436126709,2.74040353298187
"repeat1","DLT_TRAJ_000119","Residual Gaussian",-0.458312928676605,-0.637727081775665,-2.0079288482666,0.732474684715271,0.17941415309906,2.74040353298187
"repeat1","DLT_TRAJ_000124","Residual Gaussian",-0.375646710395813,0.0963112711906433,-1.27389049530029,1.46651303768158,0.471957981586456,2.74040353298187
"repeat1","DLT_TRAJ_000130","Residual Gaussian",-0.157125055789948,-0.458629041910172,-1.82883080840111,0.911572724580765,0.301503986120224,2.74040353298187
"repeat1","DLT_TRAJ_000137","Residual Gaussian",0.519709467887878,1.19516241550446,-0.175039350986481,2.56536418199539,0.675452947616577,2.74040353298187
"repeat1","DLT_TRAJ_000142","Residual Gaussian",0.286004483699799,-0.155482172966003,-1.52568393945694,1.21471959352493,0.441486656665802,2.74040353298187
"repeat1","DLT_TRAJ_000171","Residual Gaussian",-0.203029572963715,-0.388467997312546,-1.75866976380348,0.98173376917839,0.185438424348831,2.74040353298187
"repeat1","DLT_TRAJ_000176","Residual Gaussian",-0.496640354394913,-0.30972746014595,-1.67992922663689,1.06047430634499,0.186912894248962,2.74040353298187
"repeat1","DLT_TRAJ_000180","Residual Gaussian",-1.21451771259308,-0.80643093585968,-2.17663270235062,0.563770830631256,0.408086776733398,2.74040353298187
"repeat1","DLT_TRAJ_000189","Residual Gaussian",-0.246577516198158,-0.427025228738785,-1.79722699522972,0.943176537752152,0.180447712540627,2.74040353298187
"repeat1","DLT_TRAJ_000193","Residual Gaussian",0.299229204654694,0.0689411237835884,-1.30126064270735,1.43914289027452,0.230288080871105,2.74040353298187
"repeat1","DLT_TRAJ_000194","Residual Gaussian",-0.636180460453033,-0.846133530139923,-2.21633529663086,0.524068236351013,0.20995306968689,2.74040353298187
"repeat1","DLT_TRAJ_000195","Residual Gaussian",1.93383157253265,1.02991151809692,-0.340290248394012,2.40011328458786,0.90392005443573,2.74040353298187
"repeat1","DLT_TRAJ_000200","Residual Gaussian",-2.33937525749206,-2.32276058197021,-3.69296234846115,-0.952558815479279,0.0166146755218501,2.74040353298187
"repeat2","DLT_TRAJ_000011","Deterministic",0.0331352017819881,0.133707523345947,-1.38124248385429,1.64865753054619,0.100572321563959,3.02990001440048
"repeat2","DLT_TRAJ_000019","Deterministic",1.68956542015076,1.50501835346222,-0.00993165373802185,3.01996836066246,0.184547066688538,3.02990001440048
"repeat2","DLT_TRAJ_000020","Deterministic",1.1846832036972,0.826026976108551,-0.68892303109169,2.34097698330879,0.358656227588654,3.02990001440048
"repeat2","DLT_TRAJ_000022","Deterministic",-0.320047527551651,-0.39244470000267,-1.90739470720291,1.12250530719757,0.0723971724510193,3.02990001440048
"repeat2","DLT_TRAJ_000031","Deterministic",-1.23414885997772,-0.406712770462036,-1.92166277766228,1.1082372367382,0.827436089515686,3.02990001440048
"repeat2","DLT_TRAJ_000032","Deterministic",0.672790229320526,0.462188541889191,-1.05276146531105,1.97713854908943,0.210601687431335,3.02990001440048
"repeat2","DLT_TRAJ_000042","Deterministic",-0.792080700397491,-0.319160640239716,-1.83411064743996,1.19578936696053,0.472920060157776,3.02990001440048
"repeat2","DLT_TRAJ_000046","Deterministic",0.325891822576523,-0.0273874811828136,-1.54233748838305,1.48756252601743,0.353279303759336,3.02990001440048
"repeat2","DLT_TRAJ_000047","Deterministic",1.51897990703583,0.807953894138336,-0.706996113061905,2.32290390133858,0.711026012897491,3.02990001440048
"repeat2","DLT_TRAJ_000051","Deterministic",0.854069530963898,0.956400692462921,-0.55854931473732,2.47135069966316,0.102331161499024,3.02990001440048
"repeat2","DLT_TRAJ_000055","Deterministic",0.99810403585434,0.634642779827118,-0.880307227373123,2.14959278702736,0.363461256027222,3.02990001440048
"repeat2","DLT_TRAJ_000057","Deterministic",0.905772566795349,0.554504334926605,-0.960445672273636,2.06945434212685,0.351268231868744,3.02990001440048
"repeat2","DLT_TRAJ_000058","Deterministic",-0.197001442313194,0.116357415914536,-1.39859259128571,1.63130742311478,0.31335885822773,3.02990001440048
"repeat2","DLT_TRAJ_000063","Deterministic",-0.70776492357254,-0.962624371051788,-2.47757437825203,0.552325636148453,0.254859447479248,3.02990001440048
"repeat2","DLT_TRAJ_000064","Deterministic",1.38516318798065,1.17159605026245,-0.34335395693779,2.68654605746269,0.213567137718201,3.02990001440048
"repeat2","DLT_TRAJ_000067","Deterministic",-0.374174684286118,-0.630655229091644,-2.14560523629189,0.884294778108597,0.256480544805527,3.02990001440048
"repeat2","DLT_TRAJ_000069","Deterministic",-0.176891788840294,0.102731719613075,-1.41221828758717,1.61768172681332,0.279623508453369,3.02990001440048
"repeat2","DLT_TRAJ_000083","Deterministic",-0.423801451921463,0.0158717036247253,-1.49907830357552,1.53082171082497,0.439673155546188,3.02990001440048
"repeat2","DLT_TRAJ_000090","Deterministic",-0.632111608982086,-0.901622772216797,-2.41657277941704,0.613327234983444,0.269511163234711,3.02990001440048
"repeat2","DLT_TRAJ_000100","Deterministic",0.707055628299713,1.05548214912415,-0.459467858076096,2.57043215632439,0.348426520824432,3.02990001440048
"repeat2","DLT_TRAJ_000110","Deterministic",0.759511709213257,0.87628161907196,-0.638668388128281,2.3912316262722,0.116769909858704,3.02990001440048
"repeat2","DLT_TRAJ_000114","Deterministic",1.62076902389526,1.53012931346893,0.015179306268692,3.04507932066917,0.0906397104263306,3.02990001440048
"repeat2","DLT_TRAJ_000115","Deterministic",-1.16741514205933,0.0666027292609215,-1.44834727793932,1.58155273646116,1.23401787132025,3.02990001440048
"repeat2","DLT_TRAJ_000116","Deterministic",0.0446638874709606,-0.00202651787549257,-1.51697652507573,1.51292348932475,0.0466904053464532,3.02990001440048
"repeat2","DLT_TRAJ_000118","Deterministic",-1.66287219524384,-1.30128157138824,-2.81623157858849,0.213668435811996,0.361590623855591,3.02990001440048
"repeat2","DLT_TRAJ_000119","Deterministic",-0.458312928676605,-0.470667779445648,-1.98561778664589,1.04428222775459,0.012354850769043,3.02990001440048
"repeat2","DLT_TRAJ_000124","Deterministic",-0.375646710395813,0.253245890140533,-1.26170411705971,1.76819589734077,0.628892600536346,3.02990001440048
"repeat2","DLT_TRAJ_000130","Deterministic",-0.157125055789948,-0.293206423521042,-1.80815643072128,1.2217435836792,0.136081367731094,3.02990001440048
"repeat2","DLT_TRAJ_000137","Deterministic",0.519709467887878,1.33611452579498,-0.178835481405258,2.85106453299522,0.816405057907104,3.02990001440048
"repeat2","DLT_TRAJ_000142","Deterministic",0.286004483699799,-0.00791043601930141,-1.52286044321954,1.50703957118094,0.2939149197191,3.02990001440048
"repeat2","DLT_TRAJ_000171","Deterministic",-0.203029572963715,-0.207453817129135,-1.72240382432938,1.30749619007111,0.00442424416542056,3.02990001440048
"repeat2","DLT_TRAJ_000176","Deterministic",-0.496640354394913,-0.161741033196449,-1.67669104039669,1.35320897400379,0.334899321198463,3.02990001440048
"repeat2","DLT_TRAJ_000180","Deterministic",-1.21451771259308,-0.626379251480103,-2.14132925868034,0.888570755720139,0.588138461112976,3.02990001440048
"repeat2","DLT_TRAJ_000189","Deterministic",-0.246577516198158,-0.293320298194885,-1.80827030539513,1.22162970900536,0.046742781996727,3.02990001440048
"repeat2","DLT_TRAJ_000193","Deterministic",0.299229204654694,0.223725765943527,-1.29122424125671,1.73867577314377,0.0755034387111664,3.02990001440048
"repeat2","DLT_TRAJ_000194","Deterministic",-0.636180460453033,-0.683572292327881,-2.19852229952812,0.83137771487236,0.0473918318748474,3.02990001440048
"repeat2","DLT_TRAJ_000195","Deterministic",1.93383157253265,1.17691898345947,-0.338031023740768,2.69186899065971,0.756912589073181,3.02990001440048
"repeat2","DLT_TRAJ_000200","Deterministic",-2.33937525749206,-2.14078664779663,-3.65573665499687,-0.62583664059639,0.198588609695434,3.02990001440048
"repeat2","DLT_TRAJ_000011","MC Dropout",0.0331352017819881,0.085260126311332,-1.14856294364154,1.31908319626421,0.0521249245293438,2.46764613990575
"repeat2","DLT_TRAJ_000019","MC Dropout",1.68956542015076,1.28412033081055,-0.261279164403728,2.82951982602482,0.40544508934021,3.09079899042855
"repeat2","DLT_TRAJ_000020","MC Dropout",1.1846832036972,0.674491209983826,-0.651568595931674,2.00055101589933,0.510191993713379,2.652119611831
"repeat2","DLT_TRAJ_000022","MC Dropout",-0.320047527551651,-0.437919500470161,-1.57384163142321,0.698002630482889,0.11787197291851,2.2718442619061
"repeat2","DLT_TRAJ_000031","MC Dropout",-1.23414885997772,-0.468138983845711,-1.99072427898669,1.05444631129527,0.766009876132011,3.04517059028197
"repeat2","DLT_TRAJ_000032","MC Dropout",0.672790229320526,0.372592065930366,-0.703465764138026,1.44864989599876,0.30019816339016,2.15211566013679
"repeat2","DLT_TRAJ_000042","MC Dropout",-0.792080700397491,-0.378807048499584,-1.92965350995248,1.17203941295332,0.413273651897907,3.1016929229058
"repeat2","DLT_TRAJ_000046","MC Dropout",0.325891822576523,-0.0868269689381123,-1.45584164566874,1.28218770779252,0.412718791514635,2.73802935346127
"repeat2","DLT_TRAJ_000047","MC Dropout",1.51897990703583,0.677011414170265,-0.479205215295884,1.83322804363641,0.841968492865562,2.3124332589323
"repeat2","DLT_TRAJ_000051","MC Dropout",0.854069530963898,0.82224591255188,-0.664386021407885,2.30887784651164,0.0318236184120179,2.97326386791953
"repeat2","DLT_TRAJ_000055","MC Dropout",0.99810403585434,0.498797771334648,-0.818058697313351,1.81565423998265,0.499306264519691,2.633712937296
"repeat2","DLT_TRAJ_000057","MC Dropout",0.905772566795349,0.465402799248695,-0.577008231832568,1.50781383032996,0.440369767546654,2.08482206216253
"repeat2","DLT_TRAJ_000058","MC Dropout",-0.197001442313194,0.00510503219440579,-1.37131421902855,1.38152428341737,0.2021064745076,2.75283850244592
"repeat2","DLT_TRAJ_000063","MC Dropout",-0.70776492357254,-1.00657878518105,-3.09686065866472,1.08370308830263,0.298813861608505,4.18056374696736
"repeat2","DLT_TRAJ_000064","MC Dropout",1.38516318798065,0.999953429698944,-0.585864348851789,2.58577120824968,0.385209758281708,3.17163555710147
"repeat2","DLT_TRAJ_000067","MC Dropout",-0.374174684286118,-0.671962158679962,-2.57523989988767,1.23131558252774,0.297787474393845,3.80655548241541
"repeat2","DLT_TRAJ_000069","MC Dropout",-0.176891788840294,0.0257848692685366,-1.29460731223427,1.34617705077134,0.20267665810883,2.64078436300561
"repeat2","DLT_TRAJ_000083","MC Dropout",-0.423801451921463,-0.0317778627201915,-1.05914311867317,0.995587393232789,0.392023589201272,2.05473051190596
"repeat2","DLT_TRAJ_000090","MC Dropout",-0.632111608982086,-0.955151455402374,-2.9827081797184,1.07240526891366,0.323039846420288,4.05511344863206
"repeat2","DLT_TRAJ_000100","MC Dropout",0.707055628299713,0.877462850809097,-0.6669582535104,2.4218839551286,0.170407222509384,3.088842208639
"repeat2","DLT_TRAJ_000110","MC Dropout",0.759511709213257,0.736186956167221,-0.620659678086012,2.09303359042045,0.0233247530460358,2.71369326850647
"repeat2","DLT_TRAJ_000114","MC Dropout",1.62076902389526,1.40237676858902,-0.580951210601316,3.38570474777936,0.218392255306244,3.96665595838067
"repeat2","DLT_TRAJ_000115","MC Dropout",-1.16741514205933,0.00467740194872022,-1.3096942115345,1.31904901543194,1.17209254400805,2.62874322696644
"repeat2","DLT_TRAJ_000116","MC Dropout",0.0446638874709606,-0.0784062153473497,-1.58141660484866,1.42460417415396,0.12307010281831,3.00602077900263
"repeat2","DLT_TRAJ_000118","MC Dropout",-1.66287219524384,-1.32549485564232,-3.52419570711023,0.873205995825591,0.337377339601517,4.39740170293582
"repeat2","DLT_TRAJ_000119","MC Dropout",-0.458312928676605,-0.520633957982063,-2.06698572596339,1.02571780999927,0.062321029305458,3.09270353596266
"repeat2","DLT_TRAJ_000124","MC Dropout",-0.375646710395813,0.15644864551723,-0.831741458649266,1.14463874968373,0.532095355913043,1.97638020833299
"repeat2","DLT_TRAJ_000130","MC Dropout",-0.157125055789948,-0.372398440167308,-1.80553319799119,1.06073631765657,0.21527338437736,2.86626951564776
"repeat2","DLT_TRAJ_000137","MC Dropout",0.519709467887878,1.1759953045845,-0.201048432560917,2.55303904172992,0.656285836696625,2.75408747429084
"repeat2","DLT_TRAJ_000142","MC Dropout",0.286004483699799,-0.0816401521489024,-1.1333013874497,0.970021083151892,0.367644635848701,2.10332247060159
"repeat2","DLT_TRAJ_000171","MC Dropout",-0.203029572963715,-0.309309687316418,-1.65239188373867,1.03377250910584,0.106280114352703,2.68616439284451
"repeat2","DLT_TRAJ_000176","MC Dropout",-0.496640354394913,-0.201529148742557,-1.38311438668456,0.980056089199446,0.295111205652356,2.363170475884
"repeat2","DLT_TRAJ_000180","MC Dropout",-1.21451771259308,-0.661313116550446,-2.29299457237862,0.970368339277728,0.553204596042633,3.26336291165635
"repeat2","DLT_TRAJ_000189","MC Dropout",-0.246577516198158,-0.335985880792141,-1.75262145418439,1.0806496926001,0.0894083645939827,2.83327114678449
"repeat2","DLT_TRAJ_000193","MC Dropout",0.299229204654694,0.151130616832525,-0.982414059463977,1.28467529312903,0.148098587822169,2.267089352593
"repeat2","DLT_TRAJ_000194","MC Dropout",-0.636180460453033,-0.71731888115406,-2.54043071041047,1.10579294810235,0.081138420701027,3.64622365851281
"repeat2","DLT_TRAJ_000195","MC Dropout",1.93383157253265,1.04309394836426,-0.451869817196222,2.53805771392474,0.890737624168396,2.98992753112096
"repeat2","DLT_TRAJ_000200","MC Dropout",-2.33937525749206,-2.25490157365799,-6.14498617780961,1.63518303049363,0.0844736838340756,7.78016920830324
"repeat2","DLT_TRAJ_000011","Deep Ensemble",0.0331352017819881,0.0585761316120625,-1.3454288765692,1.46258113979333,0.0254409298300743,2.80801001636253
"repeat2","DLT_TRAJ_000019","Deep Ensemble",1.68956542015076,1.38672904968262,-0.25954222180343,3.03300032116866,0.30283637046814,3.2925425429721
"repeat2","DLT_TRAJ_000020","Deep Ensemble",1.1846832036972,0.72682318687439,-0.671519447065213,2.12516582081399,0.457860016822815,2.7966852678792
"repeat2","DLT_TRAJ_000022","Deep Ensemble",-0.320047527551651,-0.446762752532959,-1.86863833872243,0.97511283365651,0.126715224981308,2.84375117237894
"repeat2","DLT_TRAJ_000031","Deep Ensemble",-1.23414885997772,-0.431164360046387,-1.69470938419173,0.832380664098956,0.802984499931335,2.52709004829069
"repeat2","DLT_TRAJ_000032","Deep Ensemble",0.672790229320526,0.377732360363007,-1.03142234341995,1.78688706414596,0.29505786895752,2.81830940756591
"repeat2","DLT_TRAJ_000042","Deep Ensemble",-0.792080700397491,-0.358401572704315,-1.73814910989205,1.02134596448342,0.433679127693176,2.75949507437547
"repeat2","DLT_TRAJ_000046","Deep Ensemble",0.325891822576523,-0.106859274208546,-1.56578696445801,1.35206841604092,0.432751096785069,2.91785538049892
"repeat2","DLT_TRAJ_000047","Deep Ensemble",1.51897990703583,0.690926098823547,-0.787620420015365,2.16947261766246,0.82805380821228,2.95709303767783
"repeat2","DLT_TRAJ_000051","Deep Ensemble",0.854069530963898,0.878014373779297,-0.560426085782129,2.31645483334072,0.0239448428153992,2.87688091912285
"repeat2","DLT_TRAJ_000055","Deep Ensemble",0.99810403585434,0.550424486398697,-0.84214275853333,1.94299173133072,0.447679549455643,2.78513448986405
"repeat2","DLT_TRAJ_000057","Deep Ensemble",0.905772566795349,0.468827241659165,-0.907545162119344,1.84519964543767,0.436945325136185,2.75274480755702
"repeat2","DLT_TRAJ_000058","Deep Ensemble",-0.197001442313194,0.0308888465166092,-1.23083062140093,1.29260831443415,0.227890288829803,2.52343893583508
"repeat2","DLT_TRAJ_000063","Deep Ensemble",-0.70776492357254,-0.978000366687775,-2.38233716270757,0.42633642933202,0.270235443115235,2.80867359203959
"repeat2","DLT_TRAJ_000064","Deep Ensemble",1.38516318798065,1.07996180057526,-0.419424752860512,2.57934835401102,0.305201387405396,2.99877310687154
"repeat2","DLT_TRAJ_000067","Deep Ensemble",-0.374174684286118,-0.684359014034271,-2.10631974193339,0.737601713864844,0.310184329748154,2.84392145579823
"repeat2","DLT_TRAJ_000069","Deep Ensemble",-0.176891788840294,0.035992268845439,-1.37089339342517,1.44287793111605,0.212884057685733,2.81377132454121
"repeat2","DLT_TRAJ_000083","Deep Ensemble",-0.423801451921463,-0.045057912170887,-1.46250143643827,1.37238561209649,0.378743539750576,2.83488704853476
"repeat2","DLT_TRAJ_000090","Deep Ensemble",-0.632111608982086,-0.938753747940064,-2.33057036825502,0.453062872374891,0.306642138957977,2.78363324062991
"repeat2","DLT_TRAJ_000100","Deep Ensemble",0.707055628299713,0.971037030220032,-0.487634552312312,2.42970861275238,0.263981401920318,2.91734316506469
"repeat2","DLT_TRAJ_000110","Deep Ensemble",0.759511709213257,0.809316956996918,-0.596870845786444,2.21550475978028,0.0498052477836609,2.81237560556672
"repeat2","DLT_TRAJ_000114","Deep Ensemble",1.62076902389526,1.42856416702271,-0.266157279895791,3.1232856139412,0.192204856872559,3.38944289383699
"repeat2","DLT_TRAJ_000115","Deep Ensemble",-1.16741514205933,0.036534358561039,-1.39076038998716,1.46382910710924,1.20394950062037,2.8545894970964
"repeat2","DLT_TRAJ_000116","Deep Ensemble",0.0446638874709606,-0.0801540315151215,-1.51102834861613,1.35072028558588,0.124817918986082,2.86174863420201
"repeat2","DLT_TRAJ_000118","Deep Ensemble",-1.66287219524384,-1.31594047546387,-2.90207401555408,0.27019306462634,0.346931719779968,3.17226708018042
"repeat2","DLT_TRAJ_000119","Deep Ensemble",-0.458312928676605,-0.522069281339645,-1.86441383349171,0.820275270812419,0.0637563526630401,2.68468910430413
"repeat2","DLT_TRAJ_000124","Deep Ensemble",-0.375646710395813,0.192279727756977,-1.07781122282226,1.46237067833621,0.56792643815279,2.54018190115847
"repeat2","DLT_TRAJ_000130","Deep Ensemble",-0.157125055789948,-0.341367185115814,-1.63624834942449,0.953513979192862,0.184242129325867,2.58976232861735
"repeat2","DLT_TRAJ_000137","Deep Ensemble",0.519709467887878,1.26519281864166,-0.205673788272261,2.73605942555559,0.745483350753784,2.94173321382785
"repeat2","DLT_TRAJ_000142","Deep Ensemble",0.286004483699799,-0.0783643312752247,-1.48118294531751,1.32445428276706,0.364368814975023,2.80563722808456
"repeat2","DLT_TRAJ_000171","Deep Ensemble",-0.203029572963715,-0.276077273488045,-1.5038799070844,0.951725360108312,0.0730477005243301,2.45560526719271
"repeat2","DLT_TRAJ_000176","Deep Ensemble",-0.496640354394913,-0.225466868281364,-1.63167675862219,1.18074302205947,0.271173486113548,2.81241978068166
"repeat2","DLT_TRAJ_000180","Deep Ensemble",-1.21451771259308,-0.677614223957062,-1.99579134692399,0.640562899009866,0.536903488636017,2.63635424593385
"repeat2","DLT_TRAJ_000189","Deep Ensemble",-0.246577516198158,-0.344952583312988,-1.82649339684955,1.13658823022358,0.09837506711483,2.96308162707313
"repeat2","DLT_TRAJ_000193","Deep Ensemble",0.299229204654694,0.131238843500614,-1.30145915479277,1.563936841794,0.167990361154079,2.86539599658678
"repeat2","DLT_TRAJ_000194","Deep Ensemble",-0.636180460453033,-0.742274522781372,-2.19699001056634,0.712440965003591,0.106094062328339,2.90943097556993
"repeat2","DLT_TRAJ_000195","Deep Ensemble",1.93383157253265,1.07915992736816,-0.457703614509077,2.6160234692454,0.85467164516449,3.07372708375448
"repeat2","DLT_TRAJ_000200","Deep Ensemble",-2.33937525749206,-2.138516664505,-4.33377984905082,0.0567465200408108,0.20085859298706,4.39052636909163
"repeat2","DLT_TRAJ_000011","Residual Gaussian",0.0331352017819881,0.134441077709198,-1.36156404018402,1.63044619560242,0.10130587592721,2.99201023578644
"repeat2","DLT_TRAJ_000019","Residual Gaussian",1.68956542015076,1.52948868274689,0.0334835648536682,3.02549380064011,0.16007673740387,2.99201023578644
"repeat2","DLT_TRAJ_000020","Residual Gaussian",1.1846832036972,0.827751755714417,-0.668253362178802,2.32375687360764,0.356931447982788,2.99201023578644
"repeat2","DLT_TRAJ_000022","Residual Gaussian",-0.320047527551651,-0.416017562150955,-1.91202268004417,1.07998755574226,0.0959700345993042,2.99201023578644
"repeat2","DLT_TRAJ_000031","Residual Gaussian",-1.23414885997772,-0.42121434211731,-1.91721946001053,1.07479077577591,0.812934517860413,2.99201023578644
"repeat2","DLT_TRAJ_000032","Residual Gaussian",0.672790229320526,0.474828124046326,-1.02117699384689,1.97083324193954,0.1979621052742,2.99201023578644
"repeat2","DLT_TRAJ_000042","Residual Gaussian",-0.792080700397491,-0.32088828086853,-1.81689339876175,1.17511683702469,0.471192419528961,2.99201023578644
"repeat2","DLT_TRAJ_000046","Residual Gaussian",0.325891822576523,-0.0335160829126835,-1.5295212008059,1.46248903498054,0.359407905489206,2.99201023578644
"repeat2","DLT_TRAJ_000047","Residual Gaussian",1.51897990703583,0.793383359909058,-0.702621757984161,2.28938847780228,0.72559654712677,2.99201023578644
"repeat2","DLT_TRAJ_000051","Residual Gaussian",0.854069530963898,1.01229953765869,-0.483705580234528,2.50830465555191,0.158230006694794,2.99201023578644
"repeat2","DLT_TRAJ_000055","Residual Gaussian",0.99810403585434,0.653505325317383,-0.842499792575836,2.1495104432106,0.344598710536957,2.99201023578644
"repeat2","DLT_TRAJ_000057","Residual Gaussian",0.905772566795349,0.561170041561127,-0.934835076332092,2.05717515945435,0.344602525234223,2.99201023578644
"repeat2","DLT_TRAJ_000058","Residual Gaussian",-0.197001442313194,0.0569053255021572,-1.43909979239106,1.55291044339538,0.253906767815351,2.99201023578644
"repeat2","DLT_TRAJ_000063","Residual Gaussian",-0.70776492357254,-1.02039313316345,-2.51639825105667,0.475611984729767,0.312628209590912,2.99201023578644
"repeat2","DLT_TRAJ_000064","Residual Gaussian",1.38516318798065,1.22040736675262,-0.275597751140594,2.71641248464584,0.164755821228028,2.99201023578644
"repeat2","DLT_TRAJ_000067","Residual Gaussian",-0.374174684286118,-0.685347080230713,-2.18135219812393,0.810658037662506,0.311172395944595,2.99201023578644
"repeat2","DLT_TRAJ_000069","Residual Gaussian",-0.176891788840294,0.114546962082386,-1.38145815581083,1.6105520799756,0.29143875092268,2.99201023578644
"repeat2","DLT_TRAJ_000083","Residual Gaussian",-0.423801451921463,0.0303905364125967,-1.46561458148062,1.52639565430582,0.45419198833406,2.99201023578644
"repeat2","DLT_TRAJ_000090","Residual Gaussian",-0.632111608982086,-0.980426669120789,-2.47643178701401,0.51557844877243,0.348315060138702,2.99201023578644
"repeat2","DLT_TRAJ_000100","Residual Gaussian",0.707055628299713,1.10730862617493,-0.388696491718292,2.60331374406815,0.400252997875214,2.99201023578644
"repeat2","DLT_TRAJ_000110","Residual Gaussian",0.759511709213257,0.94312709569931,-0.552878022193909,2.43913221359253,0.183615386486054,2.99201023578644
"repeat2","DLT_TRAJ_000114","Residual Gaussian",1.62076902389526,1.59294235706329,0.0969372391700745,3.08894747495651,0.02782666683197,2.99201023578644
"repeat2","DLT_TRAJ_000115","Residual Gaussian",-1.16741514205933,0.135836809873581,-1.36016830801964,1.6318419277668,1.30325195193291,2.99201023578644
"repeat2","DLT_TRAJ_000116","Residual Gaussian",0.0446638874709606,-0.0114294439554214,-1.50743456184864,1.4845756739378,0.0560933314263821,2.99201023578644
"repeat2","DLT_TRAJ_000118","Residual Gaussian",-1.66287219524384,-1.38717579841614,-2.88318091630936,0.108829319477081,0.275696396827698,2.99201023578644
"repeat2","DLT_TRAJ_000119","Residual Gaussian",-0.458312928676605,-0.518655180931091,-2.01466029882431,0.977349936962128,0.0603422522544861,2.99201023578644
"repeat2","DLT_TRAJ_000124","Residual Gaussian",-0.375646710395813,0.255051851272583,-1.24095326662064,1.7510569691658,0.630698561668396,2.99201023578644
"repeat2","DLT_TRAJ_000130","Residual Gaussian",-0.157125055789948,-0.324680089950562,-1.82068520784378,1.17132502794266,0.167555034160614,2.99201023578644
"repeat2","DLT_TRAJ_000137","Residual Gaussian",0.519709467887878,1.42034113407135,-0.0756639838218689,2.91634625196457,0.900631666183472,2.99201023578644
"repeat2","DLT_TRAJ_000142","Residual Gaussian",0.286004483699799,-0.0141540504992008,-1.51015916839242,1.48185106739402,0.300158534198999,2.99201023578644
"repeat2","DLT_TRAJ_000171","Residual Gaussian",-0.203029572963715,-0.279854714870453,-1.77585983276367,1.21615040302277,0.0768251419067383,2.99201023578644
"repeat2","DLT_TRAJ_000176","Residual Gaussian",-0.496640354394913,-0.173938304185867,-1.66994342207909,1.32206681370735,0.322702050209045,2.99201023578644
"repeat2","DLT_TRAJ_000180","Residual Gaussian",-1.21451771259308,-0.70022463798523,-2.19622975587845,0.79578047990799,0.514293074607849,2.99201023578644
"repeat2","DLT_TRAJ_000189","Residual Gaussian",-0.246577516198158,-0.287265449762344,-1.78327056765556,1.20873966813087,0.0406879335641862,2.99201023578644
"repeat2","DLT_TRAJ_000193","Residual Gaussian",0.299229204654694,0.212918937206268,-1.28308618068695,1.70892405509949,0.0863102674484253,2.99201023578644
"repeat2","DLT_TRAJ_000194","Residual Gaussian",-0.636180460453033,-0.74455988407135,-2.24056500196457,0.751445233821869,0.108379423618317,2.99201023578644
"repeat2","DLT_TRAJ_000195","Residual Gaussian",1.93383157253265,1.22263669967651,-0.273368418216705,2.71864181756973,0.71119487285614,2.99201023578644
"repeat2","DLT_TRAJ_000200","Residual Gaussian",-2.33937525749206,-2.30177092552185,-3.79777604341507,-0.805765807628632,0.0376043319702144,2.99201023578644
"repeat3","DLT_TRAJ_000011","Deterministic",0.0331352017819881,-0.0533704534173012,-1.43379006534815,1.32704915851355,0.0865056551992893,2.76083922386169
"repeat3","DLT_TRAJ_000019","Deterministic",1.68956542015076,1.27584791183472,-0.10457170009613,2.65626752376556,0.41371750831604,2.76083922386169
"repeat3","DLT_TRAJ_000020","Deterministic",1.1846832036972,0.600781738758087,-0.77963787317276,1.98120135068893,0.583901464939117,2.76083922386169
"repeat3","DLT_TRAJ_000022","Deterministic",-0.320047527551651,-0.538765668869019,-1.91918528079987,0.841653943061829,0.218718141317368,2.76083922386169
"repeat3","DLT_TRAJ_000031","Deterministic",-1.23414885997772,-0.572555303573608,-1.95297491550446,0.807864308357239,0.661593556404114,2.76083922386169
"repeat3","DLT_TRAJ_000032","Deterministic",0.672790229320526,0.25302854180336,-1.12739107012749,1.63344815373421,0.419761687517166,2.76083922386169
"repeat3","DLT_TRAJ_000042","Deterministic",-0.792080700397491,-0.475973874330521,-1.85639348626137,0.904445737600326,0.316106826066971,2.76083922386169
"repeat3","DLT_TRAJ_000046","Deterministic",0.325891822576523,-0.19678108394146,-1.57720069587231,1.18363852798939,0.522672906517982,2.76083922386169
"repeat3","DLT_TRAJ_000047","Deterministic",1.51897990703583,0.596154153347015,-0.784265458583832,1.97657376527786,0.922825753688812,2.76083922386169
"repeat3","DLT_TRAJ_000051","Deterministic",0.854069530963898,0.713438212871552,-0.666981399059296,2.0938578248024,0.140631318092346,2.76083922386169
"repeat3","DLT_TRAJ_000055","Deterministic",0.99810403585434,0.412068277597427,-0.96835133433342,1.79248788952827,0.586035758256912,2.76083922386169
"repeat3","DLT_TRAJ_000057","Deterministic",0.905772566795349,0.337209790945053,-1.04320982098579,1.7176294028759,0.568562775850296,2.76083922386169
"repeat3","DLT_TRAJ_000058","Deterministic",-0.197001442313194,-0.0668988823890686,-1.44731849431992,1.31352072954178,0.130102559924126,2.76083922386169
"repeat3","DLT_TRAJ_000063","Deterministic",-0.70776492357254,-1.06795704364777,-2.44837665557861,0.312462568283081,0.360192120075226,2.76083922386169
"repeat3","DLT_TRAJ_000064","Deterministic",1.38516318798065,0.925517439842224,-0.454902172088623,2.30593705177307,0.459645748138428,2.76083922386169
"repeat3","DLT_TRAJ_000067","Deterministic",-0.374174684286118,-0.75935822725296,-2.13977783918381,0.621061384677887,0.385183542966843,2.76083922386169
"repeat3","DLT_TRAJ_000069","Deterministic",-0.176891788840294,-0.0821325927972794,-1.46255220472813,1.29828701913357,0.0947591960430145,2.76083922386169
"repeat3","DLT_TRAJ_000083","Deterministic",-0.423801451921463,-0.161221042275429,-1.54164065420628,1.21919856965542,0.262580409646034,2.76083922386169
"repeat3","DLT_TRAJ_000090","Deterministic",-0.632111608982086,-1.01343238353729,-2.39385199546814,0.366987228393555,0.381320774555206,2.76083922386169
"repeat3","DLT_TRAJ_000100","Deterministic",0.707055628299713,0.809832274913788,-0.570587337017059,2.19025188684464,0.102776646614075,2.76083922386169
"repeat3","DLT_TRAJ_000110","Deterministic",0.759511709213257,0.632331907749176,-0.748087704181671,2.01275151968002,0.127179801464081,2.76083922386169
"repeat3","DLT_TRAJ_000114","Deterministic",1.62076902389526,1.29323315620422,-0.0871864557266235,2.67365276813507,0.32753586769104,2.76083922386169
"repeat3","DLT_TRAJ_000115","Deterministic",-1.16741514205933,-0.111137576401234,-1.49155718833208,1.26928203552961,1.05627756565809,2.76083922386169
"repeat3","DLT_TRAJ_000116","Deterministic",0.0446638874709606,-0.176281750202179,-1.55670136213303,1.20413786172867,0.22094563767314,2.76083922386169
"repeat3","DLT_TRAJ_000118","Deterministic",-1.66287219524384,-1.35798263549805,-2.73840224742889,0.0224369764328003,0.304889559745789,2.76083922386169
"repeat3","DLT_TRAJ_000119","Deterministic",-0.458312928676605,-0.62023651599884,-2.00065612792969,0.760183095932007,0.161923587322235,2.76083922386169
"repeat3","DLT_TRAJ_000124","Deterministic",-0.375646710395813,0.0427036620676517,-1.3377159498632,1.4231232739985,0.418350372463465,2.76083922386169
"repeat3","DLT_TRAJ_000130","Deterministic",-0.157125055789948,-0.46165543794632,-1.84207504987717,0.918764173984528,0.304530382156372,2.76083922386169
"repeat3","DLT_TRAJ_000137","Deterministic",0.519709467887878,1.06746399402618,-0.312955617904663,2.44788360595703,0.547754526138306,2.76083922386169
"repeat3","DLT_TRAJ_000142","Deterministic",0.286004483699799,-0.184934347867966,-1.56535395979881,1.19548526406288,0.470938831567764,2.76083922386169
"repeat3","DLT_TRAJ_000171","Deterministic",-0.203029572963715,-0.377445816993713,-1.75786542892456,1.00297379493713,0.174416244029999,2.76083922386169
"repeat3","DLT_TRAJ_000176","Deterministic",-0.496640354394913,-0.327139347791672,-1.70755895972252,1.05328026413918,0.169501006603241,2.76083922386169
"repeat3","DLT_TRAJ_000180","Deterministic",-1.21451771259308,-0.766046106815338,-2.14646571874619,0.614373505115509,0.44847160577774,2.76083922386169
"repeat3","DLT_TRAJ_000189","Deterministic",-0.246577516198158,-0.438509970903397,-1.81892958283424,0.94190964102745,0.191932454705238,2.76083922386169
"repeat3","DLT_TRAJ_000193","Deterministic",0.299229204654694,0.0344857722520828,-1.34593383967876,1.41490538418293,0.264743432402611,2.76083922386169
"repeat3","DLT_TRAJ_000194","Deterministic",-0.636180460453033,-0.804717719554901,-2.18513733148575,0.575701892375946,0.168537259101868,2.76083922386169
"repeat3","DLT_TRAJ_000195","Deterministic",1.93383157253265,0.936508536338806,-0.443911075592041,2.31692814826965,0.997323036193847,2.76083922386169
"repeat3","DLT_TRAJ_000200","Deterministic",-2.33937525749206,-2.05937170982361,-3.43979132175446,-0.678952097892761,0.280003547668457,2.76083922386169
"repeat3","DLT_TRAJ_000011","MC Dropout",0.0331352017819881,0.0488147092610598,-1.00431995717421,1.10194937569633,0.0156795074790716,2.10626933287054
"repeat3","DLT_TRAJ_000019","MC Dropout",1.68956542015076,1.40018832206726,-0.786932735296547,3.58730937943107,0.289377098083496,4.37424211472761
"repeat3","DLT_TRAJ_000020","MC Dropout",1.1846832036972,0.725968281030655,-1.07556631818989,2.5275028802512,0.45871492266655,3.60306919844108
"repeat3","DLT_TRAJ_000022","MC Dropout",-0.320047527551651,-0.465483251810074,-1.63078130118643,0.699814797566284,0.145435724258423,2.33059609875272
"repeat3","DLT_TRAJ_000031","MC Dropout",-1.23414885997772,-0.445183800458908,-1.68818253138084,0.797814930463021,0.788965059518814,2.48599746184386
"repeat3","DLT_TRAJ_000032","MC Dropout",0.672790229320526,0.36668339908123,-0.800736478293638,1.5341032764561,0.306106830239296,2.33483975474974
"repeat3","DLT_TRAJ_000042","MC Dropout",-0.792080700397491,-0.366454641520977,-1.6184575026018,0.885548219559843,0.425626058876514,2.50400572216164
"repeat3","DLT_TRAJ_000046","MC Dropout",0.325891822576523,-0.12535406447947,-1.21392539967452,0.963217270715582,0.451245887055993,2.1771426703901
"repeat3","DLT_TRAJ_000047","MC Dropout",1.51897990703583,0.7174449634552,-1.18959900216358,2.62448892907398,0.801534943580627,3.81408793123756
"repeat3","DLT_TRAJ_000051","MC Dropout",0.854069530963898,0.841152939796448,-1.17185479023471,2.8541606698276,0.0129165911674499,4.02601546006231
"repeat3","DLT_TRAJ_000055","MC Dropout",0.99810403585434,0.543322764635086,-0.579220820018835,1.66586634928901,0.454781271219253,2.24508716930784
"repeat3","DLT_TRAJ_000057","MC Dropout",0.905772566795349,0.470494436621666,-0.695734234665539,1.63672310790887,0.435278130173683,2.33245734257441
"repeat3","DLT_TRAJ_000058","MC Dropout",-0.197001442313194,0.0284362817555666,-1.56108554592285,1.61795810943399,0.225437724068761,3.17904365535684
"repeat3","DLT_TRAJ_000063","MC Dropout",-0.70776492357254,-0.949258106946945,-2.77913027805501,0.880614064161119,0.241493183374405,3.65974434221613
"repeat3","DLT_TRAJ_000064","MC Dropout",1.38516318798065,1.03900441050529,-1.24763343149061,3.3256422525012,0.346158777475357,4.57327568399181
"repeat3","DLT_TRAJ_000067","MC Dropout",-0.374174684286118,-0.708120789527893,-2.30280171629009,0.886560137234305,0.333946105241775,3.1893618535244
"repeat3","DLT_TRAJ_000069","MC Dropout",-0.176891788840294,-0.000454098507761955,-0.900514683533935,0.899606486518411,0.176437690332532,1.80012117005235
"repeat3","DLT_TRAJ_000083","MC Dropout",-0.423801451921463,-0.0588426633179188,-1.20535987140039,1.08767454476456,0.364958788603544,2.29303441616495
"repeat3","DLT_TRAJ_000090","MC Dropout",-0.632111608982086,-0.936341516971588,-2.77376292551385,0.901079891570669,0.304229907989502,3.67484281708451
"repeat3","DLT_TRAJ_000100","MC Dropout",0.707055628299713,0.950310362577438,-0.924078021025651,2.82469874618053,0.243254734277725,3.74877676720618
"repeat3","DLT_TRAJ_000110","MC Dropout",0.759511709213257,0.766926738023758,-0.624605333389194,2.15845880943671,0.00741502881050105,2.7830641428259
"repeat3","DLT_TRAJ_000114","MC Dropout",1.62076902389526,1.3882289814949,-1.84425021968346,4.62070818267327,0.23254004240036,6.46495840235673
"repeat3","DLT_TRAJ_000115","MC Dropout",-1.16741514205933,0.00146838672459126,-1.23041028745883,1.23334706090801,1.16888352878392,2.46375734836684
"repeat3","DLT_TRAJ_000116","MC Dropout",0.0446638874709606,-0.0766026809066534,-0.844467975551196,0.69126261373789,0.121266568377614,1.53573058928909
"repeat3","DLT_TRAJ_000118","MC Dropout",-1.66287219524384,-1.36472954154015,-4.18651413397222,1.45705505089193,0.29814265370369,5.64356918486414
"repeat3","DLT_TRAJ_000119","MC Dropout",-0.458312928676605,-0.534688807725906,-1.81169536991571,0.742317754463897,0.0763758790493011,2.55401312437961
"repeat3","DLT_TRAJ_000124","MC Dropout",-0.375646710395813,0.204222964048386,-0.821670239436826,1.2301161675336,0.579869674444199,2.05178640697042
"repeat3","DLT_TRAJ_000130","MC Dropout",-0.157125055789948,-0.36516320168972,-1.69332464173441,0.962998238354965,0.208038145899773,2.65632288008937
"repeat3","DLT_TRAJ_000137","MC Dropout",0.519709467887878,1.19102535128593,-1.33870483943962,3.72075554201149,0.671315883398056,5.05946038145111
"repeat3","DLT_TRAJ_000142","MC Dropout",0.286004483699799,-0.0922222283482552,-1.14578088643935,0.961336429742838,0.378226712048054,2.10711731618219
"repeat3","DLT_TRAJ_000171","MC Dropout",-0.203029572963715,-0.295616204440594,-1.68106992305253,1.08983751417134,0.0925866314768791,2.77090743722386
"repeat3","DLT_TRAJ_000176","MC Dropout",-0.496640354394913,-0.231894540339708,-1.35803690016231,0.894247819482894,0.264745814055204,2.2522847196452
"repeat3","DLT_TRAJ_000180","MC Dropout",-1.21451771259308,-0.687748826742172,-2.03270624826785,0.65720859478351,0.526768885850906,2.68991484305136
"repeat3","DLT_TRAJ_000189","MC Dropout",-0.246577516198158,-0.372284209728241,-1.70404236787559,0.959473948419111,0.125706693530083,2.6635163162947
"repeat3","DLT_TRAJ_000193","MC Dropout",0.299229204654694,0.132394169569016,-0.941685943951771,1.2064742830898,0.166835035085678,2.14816022704157
"repeat3","DLT_TRAJ_000194","MC Dropout",-0.636180460453033,-0.773983777761459,-2.181238188326,0.633270632803083,0.137803317308426,2.81450882112909
"repeat3","DLT_TRAJ_000195","MC Dropout",1.93383157253265,1.06210990190506,-0.853933956091807,2.97815375990193,0.871721670627594,3.83208771599373
"repeat3","DLT_TRAJ_000200","MC Dropout",-2.33937525749206,-2.26002200365067,-6.60719390898416,2.08714990168283,0.0793532538413997,8.69434381066699
"repeat3","DLT_TRAJ_000011","Deep Ensemble",0.0331352017819881,0.0230550389736891,-1.33698677496438,1.38309685291176,0.0100801628082991,2.72008362787614
"repeat3","DLT_TRAJ_000019","Deep Ensemble",1.68956542015076,1.43276996612549,-0.183793360443805,3.04933329269478,0.256795454025269,3.23312665313859
"repeat3","DLT_TRAJ_000020","Deep Ensemble",1.1846832036972,0.75438232421875,-0.626719497586904,2.1354841460244,0.430300879478455,2.76220364361131
"repeat3","DLT_TRAJ_000022","Deep Ensemble",-0.320047527551651,-0.490945339202881,-1.86992156454904,0.888030886143276,0.17089781165123,2.75795245069231
"repeat3","DLT_TRAJ_000031","Deep Ensemble",-1.23414885997772,-0.475433248281479,-1.71413133157488,0.763264835011922,0.758715611696243,2.4773961665868
"repeat3","DLT_TRAJ_000032","Deep Ensemble",0.672790229320526,0.352655249834061,-1.01178556743215,1.71709606710027,0.320134979486465,2.72888163453243
"repeat3","DLT_TRAJ_000042","Deep Ensemble",-0.792080700397491,-0.407441282272339,-1.74778931100403,0.932906746459353,0.384639418125153,2.68069605746338
"repeat3","DLT_TRAJ_000046","Deep Ensemble",0.325891822576523,-0.146187341213226,-1.55639285945607,1.26401817702962,0.472079163789749,2.82041103648569
"repeat3","DLT_TRAJ_000047","Deep Ensemble",1.51897990703583,0.71366308927536,-0.742416861451995,2.16974304000272,0.805316817760467,2.91215990145471
"repeat3","DLT_TRAJ_000051","Deep Ensemble",0.854069530963898,0.856882762908936,-0.524674380261453,2.23843990607932,0.0028132319450378,2.76311428634078
"repeat3","DLT_TRAJ_000055","Deep Ensemble",0.99810403585434,0.536321675777435,-0.81556308661194,1.88820643816681,0.461782360076904,2.70376952477875
"repeat3","DLT_TRAJ_000057","Deep Ensemble",0.905772566795349,0.459532308578491,-0.881752381826336,1.80081699898332,0.446240258216858,2.68256938080965
"repeat3","DLT_TRAJ_000058","Deep Ensemble",-0.197001442313194,0.0670338362455368,-1.20008004744461,1.33414771993568,0.264035278558731,2.53422776738029
"repeat3","DLT_TRAJ_000063","Deep Ensemble",-0.70776492357254,-1.02700302600861,-2.39459904119264,0.340592989175423,0.319238102436066,2.73519203036806
"repeat3","DLT_TRAJ_000064","Deep Ensemble",1.38516318798065,1.07363716363907,-0.366788261215218,2.51406258849336,0.311526024341583,2.88085084970857
"repeat3","DLT_TRAJ_000067","Deep Ensemble",-0.374174684286118,-0.725059735774994,-2.10530282773732,0.655183356187334,0.350885051488876,2.76048618392466
"repeat3","DLT_TRAJ_000069","Deep Ensemble",-0.176891788840294,-0.00539561845362186,-1.36668243721786,1.35589120031062,0.171496170386672,2.72257363752848
"repeat3","DLT_TRAJ_000083","Deep Ensemble",-0.423801451921463,-0.0903921365737915,-1.46133546149118,1.2805511883436,0.333409315347671,2.74188664983477
"repeat3","DLT_TRAJ_000090","Deep Ensemble",-0.632111608982086,-0.980375838279724,-2.33465734983515,0.373905673275701,0.348264229297638,2.70856302311085
"repeat3","DLT_TRAJ_000100","Deep Ensemble",0.707055628299713,0.958427429199219,-0.443892567329235,2.36074742572767,0.251371800899506,2.80463999305691
"repeat3","DLT_TRAJ_000110","Deep Ensemble",0.759511709213257,0.780257713794708,-0.569907037639507,2.13042246522892,0.0207460045814514,2.70032950286843
"repeat3","DLT_TRAJ_000114","Deep Ensemble",1.62076902389526,1.40707776546478,-0.188595136068311,3.00275066699788,0.213691258430481,3.19134580306619
"repeat3","DLT_TRAJ_000115","Deep Ensemble",-1.16741514205933,-0.0235601916909218,-1.39948312678964,1.3523627434078,1.1438549503684,2.75184587019745
"repeat3","DLT_TRAJ_000116","Deep Ensemble",0.0446638874709606,-0.117259229719639,-1.50244230416288,1.2679238447236,0.161923117190599,2.77036614888647
"repeat3","DLT_TRAJ_000118","Deep Ensemble",-1.66287219524384,-1.35844233036041,-2.88943631768535,0.172551656964529,0.304429864883423,3.06198797464988
"repeat3","DLT_TRAJ_000119","Deep Ensemble",-0.458312928676605,-0.559985649585724,-1.86871751017204,0.748746211000588,0.101672720909119,2.61746372117262
"repeat3","DLT_TRAJ_000124","Deep Ensemble",-0.375646710395813,0.179061137884855,-1.06820071808687,1.42632299385658,0.554707848280668,2.49452371194346
"repeat3","DLT_TRAJ_000130","Deep Ensemble",-0.157125055789948,-0.376436793804169,-1.64276558126906,0.889891993660719,0.219311738014221,2.53265757492978
"repeat3","DLT_TRAJ_000137","Deep Ensemble",0.519709467887878,1.25335612297058,-0.149752812904918,2.65646505884608,0.733646655082703,2.806217871751
"repeat3","DLT_TRAJ_000142","Deep Ensemble",0.286004483699799,-0.116522505879402,-1.47621617129488,1.24317115953608,0.402526989579201,2.71938733083096
"repeat3","DLT_TRAJ_000171","Deep Ensemble",-0.203029572963715,-0.265460184216499,-1.48668091007388,0.955760541640886,0.0624306112527847,2.44244145171477
"repeat3","DLT_TRAJ_000176","Deep Ensemble",-0.496640354394913,-0.266750115156174,-1.6302100732119,1.09670984289956,0.229890239238739,2.72691991611146
"repeat3","DLT_TRAJ_000180","Deep Ensemble",-1.21451771259308,-0.710580933094025,-1.99840230017083,0.577240433982783,0.503936779499054,2.57564273415362
"repeat3","DLT_TRAJ_000189","Deep Ensemble",-0.246577516198158,-0.394283407926559,-1.82602611537394,1.03745929952082,0.147705891728401,2.86348541489477
"repeat3","DLT_TRAJ_000193","Deep Ensemble",0.299229204654694,0.104636887460947,-1.28391061856756,1.49318439348946,0.194592317193747,2.77709501205702
"repeat3","DLT_TRAJ_000194","Deep Ensemble",-0.636180460453033,-0.781374084949493,-2.19102596072969,0.628277790830703,0.14519362449646,2.81930375156039
"repeat3","DLT_TRAJ_000195","Deep Ensemble",1.93383157253265,1.06804374456406,-0.403856265951601,2.53994375507971,0.865787827968597,2.94380002103131
"repeat3","DLT_TRAJ_000200","Deep Ensemble",-2.33937525749206,-2.14904103279114,-4.19720304992072,-0.100879015661556,0.190334224700927,4.09632403425916
"repeat3","DLT_TRAJ_000011","Residual Gaussian",0.0331352017819881,0.124286681413651,-1.40793779492378,1.65651115775108,0.0911514796316624,3.06444895267487
"repeat3","DLT_TRAJ_000019","Residual Gaussian",1.68956542015076,1.47087419033051,-0.0613502860069275,3.00309866666794,0.218691229820251,3.06444895267487
"repeat3","DLT_TRAJ_000020","Residual Gaussian",1.1846832036972,0.787101984024048,-0.745122492313385,2.31932646036148,0.397581219673157,3.06444895267487
"repeat3","DLT_TRAJ_000022","Residual Gaussian",-0.320047527551651,-0.388501048088074,-1.92072552442551,1.14372342824936,0.0684535205364227,3.06444895267487
"repeat3","DLT_TRAJ_000031","Residual Gaussian",-1.23414885997772,-0.430164903402328,-1.96238937973976,1.1020595729351,0.803983956575394,3.06444895267487
"repeat3","DLT_TRAJ_000032","Residual Gaussian",0.672790229320526,0.441808730363846,-1.09041574597359,1.97403320670128,0.23098149895668,3.06444895267487
"repeat3","DLT_TRAJ_000042","Residual Gaussian",-0.792080700397491,-0.317246437072754,-1.84947091341019,1.21497803926468,0.474834263324738,3.06444895267487
"repeat3","DLT_TRAJ_000046","Residual Gaussian",0.325891822576523,-0.02182437479496,-1.55404885113239,1.51040010154247,0.347716197371483,3.06444895267487
"repeat3","DLT_TRAJ_000047","Residual Gaussian",1.51897990703583,0.767249226570129,-0.764975249767303,2.29947370290756,0.751730680465698,3.06444895267487
"repeat3","DLT_TRAJ_000051","Residual Gaussian",0.854069530963898,0.932503938674927,-0.599720537662506,2.46472841501236,0.078434407711029,3.06444895267487
"repeat3","DLT_TRAJ_000055","Residual Gaussian",0.99810403585434,0.605516791343689,-0.926707684993744,2.13774126768112,0.392587244510651,3.06444895267487
"repeat3","DLT_TRAJ_000057","Residual Gaussian",0.905772566795349,0.522379219532013,-1.00984525680542,2.05460369586945,0.383393347263336,3.06444895267487
"repeat3","DLT_TRAJ_000058","Residual Gaussian",-0.197001442313194,0.0811426937580109,-1.45108178257942,1.61336717009544,0.278144136071205,3.06444895267487
"repeat3","DLT_TRAJ_000063","Residual Gaussian",-0.70776492357254,-0.966768741607666,-2.4989932179451,0.565455734729767,0.259003818035126,3.06444895267487
"repeat3","DLT_TRAJ_000064","Residual Gaussian",1.38516318798065,1.1397579908371,-0.392466485500336,2.67198246717453,0.245405197143555,3.06444895267487
"repeat3","DLT_TRAJ_000067","Residual Gaussian",-0.374174684286118,-0.633266091346741,-2.16549056768417,0.898958384990692,0.259091407060623,3.06444895267487
"repeat3","DLT_TRAJ_000069","Residual Gaussian",-0.176891788840294,0.100908264517784,-1.43131621181965,1.63313274085522,0.277800053358078,3.06444895267487
"repeat3","DLT_TRAJ_000083","Residual Gaussian",-0.423801451921463,0.0216355323791504,-1.51058894395828,1.55386000871658,0.445436984300613,3.06444895267487
"repeat3","DLT_TRAJ_000090","Residual Gaussian",-0.632111608982086,-0.913589477539062,-2.4458139538765,0.61863499879837,0.281477868556976,3.06444895267487
"repeat3","DLT_TRAJ_000100","Residual Gaussian",0.707055628299713,1.02671468257904,-0.505509793758392,2.55893915891647,0.319659054279327,3.06444895267487
"repeat3","DLT_TRAJ_000110","Residual Gaussian",0.759511709213257,0.857301592826843,-0.67492288351059,2.38952606916428,0.0977898836135864,3.06444895267487
"repeat3","DLT_TRAJ_000114","Residual Gaussian",1.62076902389526,1.49881374835968,-0.0334107279777527,3.03103822469711,0.121955275535583,3.06444895267487
"repeat3","DLT_TRAJ_000115","Residual Gaussian",-1.16741514205933,0.0989354029297829,-1.43328907340765,1.63115987926722,1.26635054498911,3.06444895267487
"repeat3","DLT_TRAJ_000116","Residual Gaussian",0.0446638874709606,-0.00487828254699707,-1.53710275888443,1.52734619379044,0.0495421700179577,3.06444895267487
"repeat3","DLT_TRAJ_000118","Residual Gaussian",-1.66287219524384,-1.28002822399139,-2.81225270032883,0.252196252346039,0.382843971252441,3.06444895267487
"repeat3","DLT_TRAJ_000119","Residual Gaussian",-0.458312928676605,-0.488710790872574,-2.02093526721001,1.04351368546486,0.0303978621959686,3.06444895267487
"repeat3","DLT_TRAJ_000124","Residual Gaussian",-0.375646710395813,0.218693047761917,-1.31353142857552,1.75091752409935,0.59433975815773,3.06444895267487
"repeat3","DLT_TRAJ_000130","Residual Gaussian",-0.157125055789948,-0.318297982215881,-1.85052245855331,1.21392649412155,0.161172926425934,3.06444895267487
"repeat3","DLT_TRAJ_000137","Residual Gaussian",0.519709467887878,1.3080450296402,-0.224179446697235,2.84026950597763,0.788335561752319,3.06444895267487
"repeat3","DLT_TRAJ_000142","Residual Gaussian",0.286004483699799,-0.0141865164041519,-1.54641099274158,1.51803795993328,0.30019100010395,3.06444895267487
"repeat3","DLT_TRAJ_000171","Residual Gaussian",-0.203029572963715,-0.244086742401123,-1.77631121873856,1.28813773393631,0.0410571694374084,3.06444895267487
"repeat3","DLT_TRAJ_000176","Residual Gaussian",-0.496640354394913,-0.163680627942085,-1.69590510427952,1.36854384839535,0.332959726452827,3.06444895267487
"repeat3","DLT_TRAJ_000180","Residual Gaussian",-1.21451771259308,-0.651869058609009,-2.18409353494644,0.880355417728424,0.56264865398407,3.06444895267487
"repeat3","DLT_TRAJ_000189","Residual Gaussian",-0.246577516198158,-0.26549419760704,-1.79771867394447,1.26673027873039,0.0189166814088822,3.06444895267487
"repeat3","DLT_TRAJ_000193","Residual Gaussian",0.299229204654694,0.208184957504272,-1.32403951883316,1.7404094338417,0.0910442471504211,3.06444895267487
"repeat3","DLT_TRAJ_000194","Residual Gaussian",-0.636180460453033,-0.681368708610535,-2.21359318494797,0.850855767726898,0.0451882481575012,3.06444895267487
"repeat3","DLT_TRAJ_000195","Residual Gaussian",1.93383157253265,1.14671218395233,-0.385512292385101,2.67893666028976,0.787119388580322,3.06444895267487
"repeat3","DLT_TRAJ_000200","Residual Gaussian",-2.33937525749206,-2.05967593193054,-3.59190040826797,-0.527451455593109,0.279699325561523,3.06444895267487
